Workbook

Sheet CFG
A1: 1 | B1: <program> | C1: ="=>" -> => | D1: <global_dec> | E1: <function> | F1: <main_func>
A2: 2 | B2: <global_dec> | C2: ="=>" -> => | D2: global | E2: <mutability> | F2: ; | G2: <global_dec>
A3: 3 | B3: <global_dec> | C3: ="=>" -> => | D3: <weave_def> | E3: <global_dec>
A4: 4 | B4: <global_dec> | C4: ="=>" -> => | D4: λ
A5: 5 | B5: <mutability> | C5: ="=>" -> => | D5: var | E5: <var_or_weave>
A6: 6 | B6: <mutability> | C6: ="=>" -> => | D6: const | E6: <const_weave>
A7: 7 | B7: <var_or_weave> | C7: ="=>" -> => | D7: <dtype> | E7: id | F7: <var_or_arr>
A8: 8 | B8: <var_or_weave> | C8: ="=>" -> => | D8: id | E8: id | F8: = | G8: { | H8: <weave_init_list> | I8: }
A9: 9 | B9: <const_weave> | C9: ="=>" -> => | D9: <dtype> | E9: id | F9: <const_or_arr>
A10: 10 | B10: <const_weave> | C10: ="=>" -> => | D10: id | E10: id | F10: = | G10: { | H10: <weave_init_list> | I10: }
A11: 11 | B11: <dtype> | C11: ="=>" -> => | D11: int
A12: 12 | B12: <dtype> | C12: ="=>" -> => | D12: long
A13: 13 | B13: <dtype> | C13: ="=>" -> => | D13: float
A14: 14 | B14: <dtype> | C14: ="=>" -> => | D14: double
A15: 15 | B15: <dtype> | C15: ="=>" -> => | D15: char
A16: 16 | B16: <dtype> | C16: ="=>" -> => | D16: string
A17: 17 | B17: <dtype> | C17: ="=>" -> => | D17: bool
A18: 18 | B18: <var_or_arr> | C18: ="=>" -> => | D18: = | E18: <value> | F18: <multi_dec>
A19: 19 | B19: <var_or_arr> | C19: ="=>" -> => | D19: [ | E19: <size> | F19: ] | G19: <var_1D_or_2D>
A20: 20 | B20: <const_or_arr> | C20: ="=>" -> => | D20: = | E20: <literals_num> | F20: <multi_dec_const>
A21: 21 | B21: <const_or_arr> | C21: ="=>" -> => | D21: [ | E21: <size> | F21: ] | G21: <const_1D_or_2D>
A22: 22 | B22: <value> | C22: ="=>" -> => | D22: <string_or_logical_expr>
A23: 23 | B23: <multi_dec> | C23: ="=>" -> => | D23: , | E23: id | F23: = | G23: <value> | H23: <multi_dec>
A24: 24 | B24: <multi_dec> | C24: ="=>" -> => | D24: λ
A25: 25 | B25: <multi_dec_const> | C25: ="=>" -> => | D25: , | E25: id | F25: = | G25: <literals_num> | H25: <multi_dec_const>
A26: 26 | B26: <multi_dec_const> | C26: ="=>" -> => | D26: λ
A27: 27 | B27: <size> | C27: ="=>" -> => | D27: intlit
A28: 28 | B28: <size> | C28: ="=>" -> => | D28: id
A29: 29 | B29: <literals_num> | C29: ="=>" -> => | D29: <literals>
A30: 30 | B30: <literals_num> | C30: ="=>" -> => | D30: - | E30: <num_lit>
A31: 31 | B31: <num_lit> | C31: ="=>" -> => | D31: intlit
A32: 32 | B32: <num_lit> | C32: ="=>" -> => | D32: longlit
A33: 33 | B33: <num_lit> | C33: ="=>" -> => | D33: floatlit
A34: 34 | B34: <num_lit> | C34: ="=>" -> => | D34: doublelit
A35: 35 | B35: <var_1D_or_2D> | C35: ="=>" -> => | D35: = | E35: { | F35: <1D_elem_list> | G35: }
A36: 36 | B36: <var_1D_or_2D> | C36: ="=>" -> => | D36: [ | E36: <size> | F36: ] | G36: <arr_2D_init_opt>
A37: 37 | B37: <var_1D_or_2D> | C37: ="=>" -> => | D37: λ
A38: 38 | B38: <1D_elem_list> | C38: ="=>" -> => | D38: <elem_value> | E38: <1D_elem_list_tail>
A39: 39 | B39: <elem_value> | C39: ="=>" -> => | D39: <literals>
A40: 40 | B40: <elem_value> | C40: ="=>" -> => | D40: id
A41: 41 | B41: <1D_elem_list_tail> | C41: ="=>" -> => | D41: , | E41: <elem_value> | F41: <1D_elem_list_tail>
A42: 42 | B42: <1D_elem_list_tail> | C42: ="=>" -> => | D42: λ
A43: 43 | B43: <arr_2D_init_opt> | C43: ="=>" -> => | D43: <arr_2D_init>
A44: 44 | B44: <arr_2D_init_opt> | C44: ="=>" -> => | D44: λ
A45: 45 | B45: <arr_2D_init> | C45: ="=>" -> => | D45: = | E45: { | F45: <2D_elem_list> | G45: }
A46: 46 | B46: <2D_elem_list> | C46: ="=>" -> => | D46: { | E46: <1D_elem_list> | F46: } | G46: <2D_elem_list_cont>
A47: 47 | B47: <2D_elem_list_cont> | C47: ="=>" -> => | D47: , | E47: <2D_elem_list>
A48: 48 | B48: <2D_elem_list_cont> | C48: ="=>" -> => | D48: λ
A49: 49 | B49: <const_1D_or_2D> | C49: ="=>" -> => | D49: = | E49: { | F49: <1D_elem_list> | G49: }
A50: 50 | B50: <const_1D_or_2D> | C50: ="=>" -> => | D50: [ | E50: <size> | F50: ] | G50: <arr_2D_init>
A51: 51 | B51: <weave_init_list> | C51: ="=>" -> => | D51: <weave_elem> | E51: <weave_init_list_tail>
A52: 52 | B52: <weave_elem> | C52: ="=>" -> => | D52: <literals_num>
A53: 53 | B53: <weave_elem> | C53: ="=>" -> => | D53: id
A54: 54 | B54: <weave_init_list_tail> | C54: ="=>" -> => | D54: , | E54: <weave_elem> | F54: <weave_init_list_tail>
A55: 55 | B55: <weave_init_list_tail> | C55: ="=>" -> => | D55: λ
A56: 56 | B56: <weave_def> | C56: ="=>" -> => | D56: weave | E56: id | F56: { | G56: <field_list> | H56: }
A57: 57 | B57: <field_list> | C57: ="=>" -> => | D57: <field_dec> | E57: <field_list>
A58: 58 | B58: <field_list> | C58: ="=>" -> => | D58: λ
A59: 59 | B59: <field_dec> | C59: ="=>" -> => | D59: <dtype> | E59: id | F59: ;
A60: 60 | B60: <function> | C60: ="=>" -> => | D60: <function_def> | E60: <function>
A61: 61 | B61: <function> | C61: ="=>" -> => | D61: λ
A62: 62 | B62: <function_def> | C62: ="=>" -> => | D62: func | E62: <ret_type>
A63: 63 | B63: <ret_type> | C63: ="=>" -> => | D63: <dtype> | E63: <ret_struct> | F63: id | G63: ( | H63: <param> | I63: ) | J63: { | K63: <function_body> | L63: <ret_stmt> | M63: }
A64: 64 | B64: <ret_type> | C64: ="=>" -> => | D64: void | E64: id | F64: ( | G64: ) | H64: { | I64: <function_body> | J64: return | K64: ; | L64: }
A65: 65 | B65: <ret_struct> | C65: ="=>" -> => | D65: [ | E65: <size> | F65: ] | G65: <ret_2D>
A66: 66 | B66: <ret_struct> | C66: ="=>" -> => | D66: λ
A67: 67 | B67: <ret_2D> | C67: ="=>" -> => | D67: [ | E67: <size> | F67: ]
A68: 68 | B68: <ret_2D> | C68: ="=>" -> => | D68: λ
A69: 69 | B69: <param> | C69: ="=>" -> => | D69: <dtype> | E69: id | F69: <param_struct> | G69: <param_tail>
A70: 70 | B70: <param> | C70: ="=>" -> => | D70: λ
A71: 71 | B71: <param_tail> | C71: ="=>" -> => | D71: , | E71: <param>
A72: 72 | B72: <param_tail> | C72: ="=>" -> => | D72: λ
A73: 73 | B73: <param_struct> | C73: ="=>" -> => | D73: [ | E73: <size> | F73: ] | G73: <param_2D>
A74: 74 | B74: <param_struct> | C74: ="=>" -> => | D74: λ
A75: 75 | B75: <param_2D> | C75: ="=>" -> => | D75: [ | E75: <size> | F75: ]
A76: 76 | B76: <param_2D> | C76: ="=>" -> => | D76: λ
A77: 77 | B77: <function_body> | C77: ="=>" -> => | D77: <using_block> | E77: <local_block> | F77: <statement_list>
A78: 78 | B78: <using_block> | C78: ="=>" -> => | D78: <using_stmt> | E78: ; | F78: <using_block>
A79: 79 | B79: <using_block> | C79: ="=>" -> => | D79: λ
A80: 80 | B80: <using_stmt> | C80: ="=>" -> => | D80: using | E80: id | F80: <using_cont>
A81: 81 | B81: <using_cont> | C81: ="=>" -> => | D81: , | E81: id | F81: <using_cont>
A82: 82 | B82: <using_cont> | C82: ="=>" -> => | D82: λ
A83: 83 | B83: <local_block> | C83: ="=>" -> => | D83: local | E83: <mutability> | F83: ; | G83: <local_block>
A84: 84 | B84: <local_block> | C84: ="=>" -> => | D84: λ
A85: 85 | B85: <statement_list> | C85: ="=>" -> => | D85: <statement> | E85: <statement_list>
A86: 86 | B86: <statement_list> | C86: ="=>" -> => | D86: λ
A87: 87 | B87: <statement> | C87: ="=>" -> => | D87: <expression> | E87: ;
A88: 88 | B88: <statement> | C88: ="=>" -> => | D88: <I/O_stmt>
A89: 89 | B89: <statement> | C89: ="=>" -> => | D89: <ctrl_struct>
A90: 90 | B90: <expression> | C90: ="=>" -> => | D90: <assign_expr>
A91: 91 | B91: <expression> | C91: ="=>" -> => | D91: <builtin_func>
A92: 92 | B92: <assign_expr> | C92: ="=>" -> => | D92: id | E92: <mod_or_call>
A93: 93 | B93: <mod_or_call> | C93: ="=>" -> => | D93: <assign_mod_opt> | E93: <assign_stmt_op>
A94: 94 | B94: <mod_or_call> | C94: ="=>" -> => | D94: ( | E94: <arg> | F94: )
A95: 95 | B95: <assign_mod_opt> | C95: ="=>" -> => | D95: . | E95: id
A96: 96 | B96: <assign_mod_opt> | C96: ="=>" -> => | D96: [ | E96: <size_mod> | F96: ] | G96: <lhs_index_2d_opt>
A97: 97 | B97: <assign_mod_opt> | C97: ="=>" -> => | D97: λ
A98: 98 | B98: <lhs_index_2d_opt> | C98: ="=>" -> => | D98: [ | E98: <size_mod> | F98: ]
A99: 99 | B99: <lhs_index_2d_opt> | C99: ="=>" -> => | D99: λ
A100: 100 | B100: <assign_stmt_op> | C100: ="=>" -> => | D100: = | E100: <value>
...

Sheet First Set Macro
A1: 1 | B1: <program> | C1: => | D1: ="{ " & TEXTJOIN(", ", TRUE, F1:AB1) & " }" -> { global , weave, func, int } | E1: First(<program>) | F1: global | G1: weave | H1: func | I1: int
A2: 2 | B2: <global_dec> | C2: => | D2: ="{ " & TEXTJOIN(", ", TRUE, F2:AB2) & " }" -> { global , weave, λ } | E2: First(<global_dec>) | F2: global | G2: weave | H2: λ
A3: 3 | B3: <mutability> | C3: => | D3: ="{ " & TEXTJOIN(", ", TRUE, F3:AB3) & " }" -> { var, const } | E3: First(<mutability>) | F3: var | G3: const
A4: 4 | B4: <var_or_weave> | C4: => | D4: ="{ " & TEXTJOIN(", ", TRUE, F4:AB4) & " }" -> { int, long, float, double, char, string, bool, id } | E4: First(<var_or_weave>) | F4: int | G4: long | H4: float | I4: double | J4: char | K4: string | L4: bool | M4: id
A5: 5 | B5: <const_weave> | C5: => | D5: ="{ " & TEXTJOIN(", ", TRUE, F5:AB5) & " }" -> { int, long, float, double, char, string, bool, id } | E5: First(<const_weave>) | F5: int | G5: long | H5: float | I5: double | J5: char | K5: string | L5: bool | M5: id
A6: 6 | B6: <dtype> | C6: => | D6: ="{ " & TEXTJOIN(", ", TRUE, F6:AB6) & " }" -> { int, long, float, double, char, string, bool } | E6: First(<dtype>) | F6: int | G6: long | H6: float | I6: double | J6: char | K6: string | L6: bool
A7: 7 | B7: <var_or_arr> | C7: => | D7: ="{ " & TEXTJOIN(", ", TRUE, F7:AB7) & " }" -> { =, [ } | E7: First(<var_or_arr>) | F7: = | G7: [
A8: 8 | B8: <const_or_arr> | C8: => | D8: ="{ " & TEXTJOIN(", ", TRUE, F8:AB8) & " }" -> { =, [ } | E8: First(<const_or_arr>) | F8: = | G8: [
A9: 9 | B9: <value> | C9: => | D9: ="{ " & TEXTJOIN(", ", TRUE, F9:AB9) & " }" -> { !, id, intlit, longlit, floatlit, doublelit, charlit, stringlit, true, false, abs, len, pow, sqrt, -, ( } | E9: First(<value>) | F9: ! | G9: id | H9: intlit | I9: longlit | J9: floatlit | K9: doublelit | L9: charlit | M9: stringlit | N9: true | O9: false | P9: abs | Q9: len | R9: pow | S9: sqrt | T9: - | U9: (
A10: 10 | B10: <multi_dec> | C10: => | D10: ="{ " & TEXTJOIN(", ", TRUE, F10:AB10) & " }" -> { ,, λ } | E10: First(<multi_dec>) | F10: , | G10: λ
A11: 11 | B11: <multi_dec_const> | C11: => | D11: ="{ " & TEXTJOIN(", ", TRUE, F11:AB11) & " }" -> { ,, λ } | E11: First(<multi_dec_const>) | F11: , | G11: λ
A12: 12 | B12: <size> | C12: => | D12: ="{ " & TEXTJOIN(", ", TRUE, F12:AB12) & " }" -> { intlit, id } | E12: First(<size>) | F12: intlit | G12: id
A13: 13 | B13: <literals_num> | C13: => | D13: ="{ " & TEXTJOIN(", ", TRUE, F13:AB13) & " }" -> { intlit, longlit, floatlit, doublelit, charlit, stringlit, true, false, - } | E13: First(<literals_num>) | F13: intlit | G13: longlit | H13: floatlit | I13: doublelit | J13: charlit | K13: stringlit | L13: true | M13: false | N13: -
A14: 14 | B14: <num_lit> | C14: => | D14: ="{ " & TEXTJOIN(", ", TRUE, F14:AB14) & " }" -> { intlit, longlit, floatlit, doublelit } | E14: First(<num_lit>) | F14: intlit | G14: longlit | H14: floatlit | I14: doublelit
A15: 15 | B15: <var_1D_or_2D> | C15: => | D15: ="{ " & TEXTJOIN(", ", TRUE, F15:AB15) & " }" -> { =, [, λ } | E15: First(<var_1D_or_2D>) | F15: = | G15: [ | H15: λ
A16: 16 | B16: <1D_elem_list> | C16: => | D16: ="{ " & TEXTJOIN(", ", TRUE, F16:AB16) & " }" -> { intlit, longlit, floatlit, doublelit, charlit, stringlit, true, false, id } | E16: First(<1D_elem_list>) | F16: intlit | G16: longlit | H16: floatlit | I16: doublelit | J16: charlit | K16: stringlit | L16: true | M16: false | N16: id
A17: 17 | B17: <elem_value> | C17: => | D17: ="{ " & TEXTJOIN(", ", TRUE, F17:AB17) & " }" -> { intlit, longlit, floatlit, doublelit, charlit, stringlit, true, false, id } | E17: First(<elem_value>) | F17: intlit | G17: longlit | H17: floatlit | I17: doublelit | J17: charlit | K17: stringlit | L17: true | M17: false | N17: id
A18: 18 | B18: <1D_elem_list_tail> | C18: => | D18: ="{ " & TEXTJOIN(", ", TRUE, F18:AB18) & " }" -> { ,, λ } | E18: First(<1D_elem_list_tail>) | F18: , | G18: λ
A19: 19 | B19: <arr_2D_init_opt> | C19: => | D19: ="{ " & TEXTJOIN(", ", TRUE, F19:AB19) & " }" -> { =, λ } | E19: First(<arr_2D_init_opt>) | F19: = | G19: λ
A20: 20 | B20: <arr_2D_init> | C20: => | D20: ="{ " & TEXTJOIN(", ", TRUE, F20:AB20) & " }" -> { = } | E20: First(<arr_2D_init>) | F20: =
A21: 21 | B21: <2D_elem_list> | C21: => | D21: ="{ " & TEXTJOIN(", ", TRUE, F21:AB21) & " }" -> { { } | E21: First(<2D_elem_list>) | F21: {
A22: 22 | B22: <2D_elem_list_cont> | C22: => | D22: ="{ " & TEXTJOIN(", ", TRUE, F22:AB22) & " }" -> { ,, λ } | E22: First(<2D_elem_list_cont>) | F22: , | G22: λ
A23: 23 | B23: <const_1D_or_2D> | C23: => | D23: ="{ " & TEXTJOIN(", ", TRUE, F23:AB23) & " }" -> { =, [ } | E23: First(<const_1D_or_2D>) | F23: = | G23: [
A24: 24 | B24: <weave_init_list> | C24: => | D24: ="{ " & TEXTJOIN(", ", TRUE, F24:AB24) & " }" -> { intlit, longlit, floatlit, doublelit, charlit, stringlit, true, false, -, id } | E24: First(<weave_init_list>) | F24: intlit | G24: longlit | H24: floatlit | I24: doublelit | J24: charlit | K24: stringlit | L24: true | M24: false | N24: - | O24: id
A25: 25 | B25: <weave_elem> | C25: => | D25: ="{ " & TEXTJOIN(", ", TRUE, F25:AB25) & " }" -> { intlit, longlit, floatlit, doublelit, charlit, stringlit, true, false, -, id } | E25: First(<weave_elem>) | F25: intlit | G25: longlit | H25: floatlit | I25: doublelit | J25: charlit | K25: stringlit | L25: true | M25: false | N25: - | O25: id
A26: 26 | B26: <weave_init_list_tail> | C26: => | D26: ="{ " & TEXTJOIN(", ", TRUE, F26:AB26) & " }" -> { ,, λ } | E26: First(<weave_init_list_tail>) | F26: , | G26: λ
A27: 27 | B27: <weave_def> | C27: => | D27: ="{ " & TEXTJOIN(", ", TRUE, F27:AB27) & " }" -> { weave } | E27: First(<weave_def>) | F27: weave
A28: 28 | B28: <field_list> | C28: => | D28: ="{ " & TEXTJOIN(", ", TRUE, F28:AB28) & " }" -> { int, long, float, double, char, string, bool, λ } | E28: First(<field_list>) | F28: int | G28: long | H28: float | I28: double | J28: char | K28: string | L28: bool | M28: λ
A29: 29 | B29: <field_dec> | C29: => | D29: ="{ " & TEXTJOIN(", ", TRUE, F29:AB29) & " }" -> { int, long, float, double, char, string, bool } | E29: First(<field_dec>) | F29: int | G29: long | H29: float | I29: double | J29: char | K29: string | L29: bool
A30: 30 | B30: <function> | C30: => | D30: ="{ " & TEXTJOIN(", ", TRUE, F30:AB30) & " }" -> { func, λ } | E30: First(<function>) | F30: func | G30: λ
A31: 31 | B31: <function_def> | C31: => | D31: ="{ " & TEXTJOIN(", ", TRUE, F31:AB31) & " }" -> { func } | E31: First(<function_def>) | F31: func
A32: 32 | B32: <ret_type> | C32: => | D32: ="{ " & TEXTJOIN(", ", TRUE, F32:AB32) & " }" -> { int, long, float, double, char, string, bool, void } | E32: First(<ret_type>) | F32: int | G32: long | H32: float | I32: double | J32: char | K32: string | L32: bool | M32: void
A33: 33 | B33: <ret_struct> | C33: => | D33: ="{ " & TEXTJOIN(", ", TRUE, F33:AB33) & " }" -> { [, λ } | E33: First(<ret_struct>) | F33: [ | G33: λ
A34: 34 | B34: <ret_2D> | C34: => | D34: ="{ " & TEXTJOIN(", ", TRUE, F34:AB34) & " }" -> { [, λ } | E34: First(<ret_2D>) | F34: [ | G34: λ
A35: 35 | B35: <param> | C35: => | D35: ="{ " & TEXTJOIN(", ", TRUE, F35:AB35) & " }" -> { int, long, float, double, char, string, bool, λ } | E35: First(<param>) | F35: int | G35: long | H35: float | I35: double | J35: char | K35: string | L35: bool | M35: λ
A36: 36 | B36: <param_tail> | C36: => | D36: ="{ " & TEXTJOIN(", ", TRUE, F36:AB36) & " }" -> { ,, λ } | E36: First(<param_tail>) | F36: , | G36: λ
A37: 37 | B37: <param_struct> | C37: => | D37: ="{ " & TEXTJOIN(", ", TRUE, F37:AB37) & " }" -> { [, λ } | E37: First(<param_struct>) | F37: [ | G37: λ
A38: 38 | B38: <param_2D> | C38: => | D38: ="{ " & TEXTJOIN(", ", TRUE, F38:AB38) & " }" -> { [, λ } | E38: First(<param_2D>) | F38: [ | G38: λ
A39: 39 | B39: <function_body> | C39: => | D39: ="{ " & TEXTJOIN(", ", TRUE, F39:AB39) & " }" -> { using, local, id , abs, len, pow, sqrt, trap, thread, threadln, if, switch, for, while, do, λ } | E39: First(<function_body>) | F39: using | G39: local | H39: id | I39: abs | J39: len | K39: pow | L39: sqrt | M39: trap | N39: thread | O39: threadln | P39: if | Q39: switch | R39: for | S39: while | T39: do | U39: λ
A40: 40 | B40: <using_block> | C40: => | D40: ="{ " & TEXTJOIN(", ", TRUE, F40:AB40) & " }" -> { using, λ } | E40: First(<using_block>) | F40: using | G40: λ
A41: 41 | B41: <using_stmt> | C41: => | D41: ="{ " & TEXTJOIN(", ", TRUE, F41:AB41) & " }" -> { using } | E41: First(<using_stmt>) | F41: using
A42: 42 | B42: <using_cont> | C42: => | D42: ="{ " & TEXTJOIN(", ", TRUE, F42:AB42) & " }" -> { ,, λ } | E42: First(<using_cont>) | F42: , | G42: λ
A43: 43 | B43: <local_block> | C43: => | D43: ="{ " & TEXTJOIN(", ", TRUE, F43:AB43) & " }" -> { local, λ } | E43: First(<local_block>) | F43: local | G43: λ
A44: 44 | B44: <statement_list> | C44: => | D44: ="{ " & TEXTJOIN(", ", TRUE, F44:AB44) & " }" -> { id , abs, len, pow, sqrt, trap, thread, threadln, if, switch, for, while, do, λ } | E44: First(<statement_list>) | F44: id | G44: abs | H44: len | I44: pow | J44: sqrt | K44: trap | L44: thread | M44: threadln | N44: if | O44: switch | P44: for | Q44: while | R44: do | S44: λ
A45: 45 | B45: <statement> | C45: => | D45: ="{ " & TEXTJOIN(", ", TRUE, F45:AB45) & " }" -> { id , abs, len, pow, sqrt, trap, thread, threadln, if, switch, for, while, do } | E45: First(<statement>) | F45: id | G45: abs | H45: len | I45: pow | J45: sqrt | K45: trap | L45: thread | M45: threadln | N45: if | O45: switch | P45: for | Q45: while | R45: do
A46: 46 | B46: <expression> | C46: => | D46: ="{ " & TEXTJOIN(", ", TRUE, F46:AB46) & " }" -> { id , abs, len, pow, sqrt } | E46: First(<expression>) | F46: id | G46: abs | H46: len | I46: pow | J46: sqrt
A47: 47 | B47: <assign_expr> | C47: => | D47: ="{ " & TEXTJOIN(", ", TRUE, F47:AB47) & " }" -> { id } | E47: First(<assign_expr>) | F47: id
A48: 48 | B48: <mod_or_call> | C48: => | D48: ="{ " & TEXTJOIN(", ", TRUE, F48:AB48) & " }" -> { ., [, = , +=, -=, *=, /=, %=, ( } | E48: First(<mod_or_call>) | F48: . | G48: [ | H48: = | I48: += | J48: -= | K48: *= | L48: /= | M48: %= | N48: (
A49: 49 | B49: <assign_mod_opt> | C49: => | D49: ="{ " & TEXTJOIN(", ", TRUE, F49:AB49) & " }" -> { ., [, λ } | E49: First(<assign_mod_opt>) | F49: . | G49: [ | H49: λ
A50: 50 | B50: <lhs_index_2d_opt> | C50: => | D50: ="{ " & TEXTJOIN(", ", TRUE, F50:AB50) & " }" -> { [, λ } | E50: First(<lhs_index_2d_opt>) | F50: [ | G50: λ
A51: 51 | B51: <assign_stmt_op> | C51: => | D51: ="{ " & TEXTJOIN(", ", TRUE, F51:AB51) & " }" -> { = , +=, -=, *=, /=, %= } | E51: First(<assign_stmt_op>) | F51: = | G51: += | H51: -= | I51: *= | J51: /= | K51: %=
A52: 52 | B52: <size_mod> | C52: => | D52: ="{ " & TEXTJOIN(", ", TRUE, F52:AB52) & " }" -> { intlit, id } | E52: First(<size_mod>) | F52: intlit | G52: id
A53: 53 | B53: <string_or_logical_expr> | C53: => | D53: ="{ " & TEXTJOIN(", ", TRUE, F53:AB53) & " }" -> { !, id, intlit, longlit, floatlit, doublelit, charlit, stringlit, true, false, abs, len, pow, sqrt, -, ( } | E53: First(<string_or_logical_expr>) | F53: ! | G53: id | H53: intlit | I53: longlit | J53: floatlit | K53: doublelit | L53: charlit | M53: stringlit | N53: true | O53: false | P53: abs | Q53: len | R53: pow | S53: sqrt | T53: - | U53: (
A54: 54 | B54: <string_expr_tail> | C54: => | D54: ="{ " & TEXTJOIN(", ", TRUE, F54:AB54) & " }" -> { .., λ } | E54: First(<string_expr_tail>) | F54: .. | G54: λ
A55: 55 | B55: <logical_expr> | C55: => | D55: ="{ " & TEXTJOIN(", ", TRUE, F55:AB55) & " }" -> { !, id, intlit, longlit, floatlit, doublelit, charlit, stringlit, true, false, abs, len, pow, sqrt, -, ( } | E55: First(<logical_expr>) | F55: ! | G55: id | H55: intlit | I55: longlit | J55: floatlit | K55: doublelit | L55: charlit | M55: stringlit | N55: true | O55: false | P55: abs | Q55: len | R55: pow | S55: sqrt | T55: - | U55: (
A56: 56 | B56: <logical_expr_tail> | C56: => | D56: ="{ " & TEXTJOIN(", ", TRUE, F56:AB56) & " }" -> { ||, λ } | E56: First(<logical_expr_tail>) | F56: || | G56: λ
A57: 57 | B57: <logical_term> | C57: => | D57: ="{ " & TEXTJOIN(", ", TRUE, F57:AB57) & " }" -> { !, id, intlit, longlit, floatlit, doublelit, charlit, stringlit, true, false, abs, len, pow, sqrt, -, ( } | E57: First(<logical_term>) | F57: ! | G57: id | H57: intlit | I57: longlit | J57: floatlit | K57: doublelit | L57: charlit | M57: stringlit | N57: true | O57: false | P57: abs | Q57: len | R57: pow | S57: sqrt | T57: - | U57: (
A58: 58 | B58: <logical_term_tail> | C58: => | D58: ="{ " & TEXTJOIN(", ", TRUE, F58:AB58) & " }" -> { &&, λ } | E58: First(<logical_term_tail>) | F58: && | G58: λ
A59: 59 | B59: <logical_factor> | C59: => | D59: ="{ " & TEXTJOIN(", ", TRUE, F59:AB59) & " }" -> { !, id, intlit, longlit, floatlit, doublelit, charlit, stringlit, true, false, abs, len, pow, sqrt, -, ( } | E59: First(<logical_factor>) | F59: ! | G59: id | H59: intlit | I59: longlit | J59: floatlit | K59: doublelit | L59: charlit | M59: stringlit | N59: true | O59: false | P59: abs | Q59: len | R59: pow | S59: sqrt | T59: - | U59: (
A60: 60 | B60: <rel_expr> | C60: => | D60: ="{ " & TEXTJOIN(", ", TRUE, F60:AB60) & " }" -> { id, intlit, longlit, floatlit, doublelit, charlit, stringlit, true, false, abs, len, pow, sqrt, -, ( } | E60: First(<rel_expr>) | F60: id | G60: intlit | H60: longlit | I60: floatlit | J60: doublelit | K60: charlit | L60: stringlit | M60: true | N60: false | O60: abs | P60: len | Q60: pow | R60: sqrt | S60: - | T60: (
A61: 61 | B61: <arith_expr> | C61: => | D61: ="{ " & TEXTJOIN(", ", TRUE, F61:AB61) & " }" -> { id, intlit, longlit, floatlit, doublelit, charlit, stringlit, true, false, abs, len, pow, sqrt, -, ( } | E61: First(<arith_expr>) | F61: id | G61: intlit | H61: longlit | I61: floatlit | J61: doublelit | K61: charlit | L61: stringlit | M61: true | N61: false | O61: abs | P61: len | Q61: pow | R61: sqrt | S61: - | T61: (
A62: 62 | B62: <add_min_cont> | C62: => | D62: ="{ " & TEXTJOIN(", ", TRUE, F62:AB62) & " }" -> { +, -, λ } | E62: First(<add_min_cont>) | F62: + | G62: - | H62: λ
A63: 63 | B63: <term> | C63: => | D63: ="{ " & TEXTJOIN(", ", TRUE, F63:AB63) & " }" -> { id, intlit, longlit, floatlit, doublelit, charlit, stringlit, true, false, abs, len, pow, sqrt, -, ( } | E63: First(<term>) | F63: id | G63: intlit | H63: longlit | I63: floatlit | J63: doublelit | K63: charlit | L63: stringlit | M63: true | N63: false | O63: abs | P63: len | Q63: pow | R63: sqrt | S63: - | T63: (
A64: 64 | B64: <mult_div_modulo_cont> | C64: => | D64: ="{ " & TEXTJOIN(", ", TRUE, F64:AB64) & " }" -> { *, /, %, λ } | E64: First(<mult_div_modulo_cont>) | F64: * | G64: / | H64: % | I64: λ
A65: 65 | B65: <primary> | C65: => | D65: ="{ " & TEXTJOIN(", ", TRUE, F65:AB65) & " }" -> { id, intlit, longlit, floatlit, doublelit, charlit, stringlit, true, false, abs, len, pow, sqrt, -, ( } | E65: First(<primary>) | F65: id | G65: intlit | H65: longlit | I65: floatlit | J65: doublelit | K65: charlit | L65: stringlit | M65: true | N65: false | O65: abs | P65: len | Q65: pow | R65: sqrt | S65: - | T65: (
A66: 66 | B66: <cast_or_val> | C66: => | D66: ="{ " & TEXTJOIN(", ", TRUE, F66:AB66) & " }" -> { int, long, float, double, char, string, bool, !, id, intlit, longlit, floatlit, doublelit, charlit, stringlit, true, false, abs, len, pow, sqrt, -, ( } | E66: First(<cast_or_val>) | F66: int | G66: long | H66: float | I66: double | J66: char | K66: string | L66: bool | M66: ! | N66: id | O66: intlit | P66: longlit | Q66: floatlit | R66: doublelit | S66: charlit | T66: stringlit | U66: true | V66: false | W66: abs | X66: len | Y66: pow | Z66: sqrt | AA66: - | AB66: (
A67: 67 | B67: <atom> | C67: => | D67: ="{ " & TEXTJOIN(", ", TRUE, F67:AB67) & " }" -> { id, intlit, longlit, floatlit, doublelit, charlit, stringlit, true, false, abs, len, pow, sqrt } | E67: First(<atom>) | F67: id | G67: intlit | H67: longlit | I67: floatlit | J67: doublelit | K67: charlit | L67: stringlit | M67: true | N67: false | O67: abs | P67: len | Q67: pow | R67: sqrt
A68: 68 | B68: <iden_mod> | C68: => | D68: ="{ " & TEXTJOIN(", ", TRUE, F68:AB68) & " }" -> { [, (, λ, . } | E68: First(<iden_mod>) | F68: [ | G68: ( | H68: λ | I68: .
A69: 69 | B69: <arr_or_func> | C69: => | D69: ="{ " & TEXTJOIN(", ", TRUE, F69:AB69) & " }" -> { [, (, λ } | E69: First(<arr_or_func>) | F69: [ | G69: ( | H69: λ
A70: 70 | B70: <2D_array> | C70: => | D70: ="{ " & TEXTJOIN(", ", TRUE, F70:AB70) & " }" -> { [, λ } | E70: First(<2D_array>) | F70: [ | G70: λ
A71: 71 | B71: <literals> | C71: => | D71: ="{ " & TEXTJOIN(", ", TRUE, F71:AB71) & " }" -> { intlit, longlit, floatlit, doublelit, charlit, stringlit, true, false } | E71: First(<literals>) | F71: intlit | G71: longlit | H71: floatlit | I71: doublelit | J71: charlit | K71: stringlit | L71: true | M71: false
A72: 72 | B72: <builtin_func> | C72: => | D72: ="{ " & TEXTJOIN(", ", TRUE, F72:AB72) & " }" -> { abs, len, pow, sqrt } | E72: First(<builtin_func>) | F72: abs | G72: len | H72: pow | I72: sqrt
A73: 73 | B73: <arg> | C73: => | D73: ="{ " & TEXTJOIN(", ", TRUE, F73:AB73) & " }" -> { !, id, intlit, longlit, floatlit, doublelit, charlit, stringlit, true, false, abs, len, pow, sqrt, -, (, λ } | E73: First(<arg>) | F73: ! | G73: id | H73: intlit | I73: longlit | J73: floatlit | K73: doublelit | L73: charlit | M73: stringlit | N73: true | O73: false | P73: abs | Q73: len | R73: pow | S73: sqrt | T73: - | U73: ( | V73: λ
A74: 74 | B74: <multi_arg> | C74: => | D74: ="{ " & TEXTJOIN(", ", TRUE, F74:AB74) & " }" -> { ,, λ } | E74: First(<multi_arg>) | F74: , | G74: λ
A75: 75 | B75: <I/O_stmt> | C75: => | D75: ="{ " & TEXTJOIN(", ", TRUE, F75:AB75) & " }" -> { trap, thread, threadln } | E75: First(<I/O_stmt>) | F75: trap | G75: thread | H75: threadln
A76: 76 | B76: <input_stmt> | C76: => | D76: ="{ " & TEXTJOIN(", ", TRUE, F76:AB76) & " }" -> { trap } | E76: First(<input_stmt>) | F76: trap
A77: 77 | B77: <trap_target> | C77: => | D77: ="{ " & TEXTJOIN(", ", TRUE, F77:AB77) & " }" -> { id } | E77: First(<trap_target>) | F77: id
A78: 78 | B78: <trap_suffix> | C78: => | D78: ="{ " & TEXTJOIN(", ", TRUE, F78:AB78) & " }" -> { [, ., λ } | E78: First(<trap_suffix>) | F78: [ | G78: . | H78: λ
A79: 79 | B79: <output_stmt> | C79: => | D79: ="{ " & TEXTJOIN(", ", TRUE, F79:AB79) & " }" -> { thread, threadln } | E79: First(<output_stmt>) | F79: thread | G79: threadln
A80: 80 | B80: <print_args> | C80: => | D80: ="{ " & TEXTJOIN(", ", TRUE, F80:AB80) & " }" -> { !, id, intlit, longlit, floatlit, doublelit, charlit, stringlit, true, false, abs, len, pow, sqrt, -, ( } | E80: First(<print_args>) | F80: ! | G80: id | H80: intlit | I80: longlit | J80: floatlit | K80: doublelit | L80: charlit | M80: stringlit | N80: true | O80: false | P80: abs | Q80: len | R80: pow | S80: sqrt | T80: - | U80: (
A81: 81 | B81: <print_tail> | C81: => | D81: ="{ " & TEXTJOIN(", ", TRUE, F81:AB81) & " }" -> { ,, λ } | E81: First(<print_tail>) | F81: , | G81: λ
A82: 82 | B82: <ctrl_struct> | C82: => | D82: ="{ " & TEXTJOIN(", ", TRUE, F82:AB82) & " }" -> { if, switch, for, while, do } | E82: First(<ctrl_struct>) | F82: if | G82: switch | H82: for | I82: while | J82: do
A83: 83 | B83: <conditional_stmt> | C83: => | D83: ="{ " & TEXTJOIN(", ", TRUE, F83:AB83) & " }" -> { if, switch } | E83: First(<conditional_stmt>) | F83: if | G83: switch
A84: 84 | B84: <if_stmt> | C84: => | D84: ="{ " & TEXTJOIN(", ", TRUE, F84:AB84) & " }" -> { if } | E84: First(<if_stmt>) | F84: if
A85: 85 | B85: <condition> | C85: => | D85: ="{ " & TEXTJOIN(", ", TRUE, F85:AB85) & " }" -> { !, id, true, false, (, -, intlit, longlit, floatlit, doublelit, charlit, stringlit, abs, len, pow, sqrt } | E85: First(<condition>) | F85: ! | G85: id | H85: true | I85: false | J85: ( | K85: - | L85: intlit | M85: longlit | N85: floatlit | O85: doublelit | P85: charlit | Q85: stringlit | R85: abs | S85: len | T85: pow | U85: sqrt
A86: 86 | B86: <or_tail> | C86: => | D86: ="{ " & TEXTJOIN(", ", TRUE, F86:AB86) & " }" -> { ||, λ } | E86: First(<or_tail>) | F86: || | G86: λ
A87: 87 | B87: <and_expr> | C87: => | D87: ="{ " & TEXTJOIN(", ", TRUE, F87:AB87) & " }" -> { !, id, true, false, (, -, intlit, longlit, floatlit, doublelit, charlit, stringlit, abs, len, pow, sqrt } | E87: First(<and_expr>) | F87: ! | G87: id | H87: true | I87: false | J87: ( | K87: - | L87: intlit | M87: longlit | N87: floatlit | O87: doublelit | P87: charlit | Q87: stringlit | R87: abs | S87: len | T87: pow | U87: sqrt
A88: 88 | B88: <and_tail> | C88: => | D88: ="{ " & TEXTJOIN(", ", TRUE, F88:AB88) & " }" -> { &&, λ } | E88: First(<and_tail>) | F88: && | G88: λ
A89: 89 | B89: <logical_op> | C89: => | D89: ="{ " & TEXTJOIN(", ", TRUE, F89:AB89) & " }" -> { !, id, true, false, (, -, intlit, longlit, floatlit, doublelit, charlit, stringlit, abs, len, pow, sqrt } | E89: First(<logical_op>) | F89: ! | G89: id | H89: true | I89: false | J89: ( | K89: - | L89: intlit | M89: longlit | N89: floatlit | O89: doublelit | P89: charlit | Q89: stringlit | R89: abs | S89: len | T89: pow | U89: sqrt
A90: 90 | B90: <bool_ctrl> | C90: => | D90: ="{ " & TEXTJOIN(", ", TRUE, F90:AB90) & " }" -> { id, true, false, (, -, intlit, longlit, floatlit, doublelit, charlit, stringlit, abs, len, pow, sqrt } | E90: First(<bool_ctrl>) | F90: id | G90: true | H90: false | I90: ( | J90: - | K90: intlit | L90: longlit | M90: floatlit | N90: doublelit | O90: charlit | P90: stringlit | Q90: abs | R90: len | S90: pow | T90: sqrt
A91: 91 | B91: <bool_ctrl_tail> | C91: => | D91: ="{ " & TEXTJOIN(", ", TRUE, F91:AB91) & " }" -> { ==, !=, >, <, >=, <=, λ } | E91: First(<bool_ctrl_tail>) | F91: == | G91: != | H91: > | I91: < | J91: >= | K91: <= | L91: λ
A92: 92 | B92: <cmp_start> | C92: => | D92: ="{ " & TEXTJOIN(", ", TRUE, F92:AB92) & " }" -> { -, intlit, longlit, floatlit, doublelit, charlit, stringlit } | E92: First(<cmp_start>) | F92: - | G92: intlit | H92: longlit | I92: floatlit | J92: doublelit | K92: charlit | L92: stringlit
A93: 93 | B93: <rel_op> | C93: => | D93: ="{ " & TEXTJOIN(", ", TRUE, F93:AB93) & " }" -> { ==, !=, >, <, >=, <= } | E93: First(<rel_op>) | F93: == | G93: != | H93: > | I93: < | J93: >= | K93: <=
A94: 94 | B94: <ctrl_body> | C94: => | D94: ="{ " & TEXTJOIN(", ", TRUE, F94:AB94) & " }" -> { local, id , abs, len, pow, sqrt, trap, thread, threadln, if, switch, for, while, do, break, λ } | E94: First(<ctrl_body>) | F94: local | G94: id | H94: abs | I94: len | J94: pow | K94: sqrt | L94: trap | M94: thread | N94: threadln | O94: if | P94: switch | Q94: for | R94: while | S94: do | T94: break | U94: λ
A95: 95 | B95: <ctrl_statement_list> | C95: => | D95: ="{ " & TEXTJOIN(", ", TRUE, F95:AB95) & " }" -> { id , abs, len, pow, sqrt, trap, thread, threadln, if, switch, for, while, do, break, λ } | E95: First(<ctrl_statement_list>) | F95: id | G95: abs | H95: len | I95: pow | J95: sqrt | K95: trap | L95: thread | M95: threadln | N95: if | O95: switch | P95: for | Q95: while | R95: do | S95: break | T95: λ
A96: 96 | B96: <break_opt> | C96: => | D96: ="{ " & TEXTJOIN(", ", TRUE, F96:AB96) & " }" -> { break, λ } | E96: First(<break_opt>) | F96: break | G96: λ
A97: 97 | B97: <ret_ctrl_body> | C97: => | D97: ="{ " & TEXTJOIN(", ", TRUE, F97:AB97) & " }" -> { return, λ } | E97: First(<ret_ctrl_body>) | F97: return | G97: λ
A98: 98 | B98: <else_if_ei_stmt> | C98: => | D98: ="{ " & TEXTJOIN(", ", TRUE, F98:AB98) & " }" -> { else, λ } | E98: First(<else_if_ei_stmt>) | F98: else | G98: λ
A99: 99 | B99: <else_stmt> | C99: => | D99: ="{ " & TEXTJOIN(", ", TRUE, F99:AB99) & " }" -> { if, { } | E99: First(<else_stmt>) | F99: if | G99: {
A100: 100 | B100: <switch_stmt> | C100: => | D100: ="{ " & TEXTJOIN(", ", TRUE, F100:AB100) & " }" -> { switch } | E100: First(<switch_stmt>) | F100: switch
...

Sheet Follow Set Macro
A1: 1 | B1: <program> | C1: => | D1: ="{ " & TEXTJOIN(", ", TRUE, F1:Z1) & " }" -> { } | E1: Follow(<program>)
A2: 2 | B2: <global_dec> | C2: => | D2: ="{ " & TEXTJOIN(", ", TRUE, F2:Z2) & " }" -> { func, int } | E2: Follow(<global_dec>) | F2: func | G2: int
A3: 3 | B3: <mutability> | C3: => | D3: ="{ " & TEXTJOIN(", ", TRUE, F3:Z3) & " }" -> { ; } | E3: Follow(<mutability>) | F3: ;
A4: 4 | B4: <var_or_weave> | C4: => | D4: ="{ " & TEXTJOIN(", ", TRUE, F4:Z4) & " }" -> { ; } | E4: Follow(<var_or_weave>) | F4: ;
A5: 5 | B5: <const_weave> | C5: => | D5: ="{ " & TEXTJOIN(", ", TRUE, F5:Z5) & " }" -> { ; } | E5: Follow(<const_weave>) | F5: ;
A6: 6 | B6: <dtype> | C6: => | D6: ="{ " & TEXTJOIN(", ", TRUE, F6:Z6) & " }" -> { id, [, ) } | E6: Follow(<dtype>) | F6: id | G6: [ | H6: )
A7: 7 | B7: <var_or_arr> | C7: => | D7: ="{ " & TEXTJOIN(", ", TRUE, F7:Z7) & " }" -> { ; } | E7: Follow(<var_or_arr>) | F7: ;
A8: 8 | B8: <const_or_arr> | C8: => | D8: ="{ " & TEXTJOIN(", ", TRUE, F8:Z8) & " }" -> { ; } | E8: Follow(<const_or_arr>) | F8: ;
A9: 9 | B9: <value> | C9: => | D9: ="{ " & TEXTJOIN(", ", TRUE, F9:Z9) & " }" -> { ,, ;, ) } | E9: Follow(<value>) | F9: , | G9: ; | H9: )
A10: 10 | B10: <multi_dec> | C10: => | D10: ="{ " & TEXTJOIN(", ", TRUE, F10:Z10) & " }" -> { ; } | E10: Follow(<multi_dec>) | F10: ;
A11: 11 | B11: <multi_dec_const> | C11: => | D11: ="{ " & TEXTJOIN(", ", TRUE, F11:Z11) & " }" -> { ; } | E11: Follow(<multi_dec_const>) | F11: ;
A12: 12 | B12: <size> | C12: => | D12: ="{ " & TEXTJOIN(", ", TRUE, F12:Z12) & " }" -> { ] } | E12: Follow(<size>) | F12: ]
A13: 13 | B13: <literals_num> | C13: => | D13: ="{ " & TEXTJOIN(", ", TRUE, F13:Z13) & " }" -> { ,, ;, } } | E13: Follow(<literals_num>) | F13: , | G13: ; | H13: }
A14: 14 | B14: <num_lit> | C14: => | D14: ="{ " & TEXTJOIN(", ", TRUE, F14:Z14) & " }" -> { ,, ;, } } | E14: Follow(<num_lit>) | F14: , | G14: ; | H14: }
A15: 15 | B15: <var_1D_or_2D> | C15: => | D15: ="{ " & TEXTJOIN(", ", TRUE, F15:Z15) & " }" -> { ; } | E15: Follow(<var_1D_or_2D>) | F15: ;
A16: 16 | B16: <1D_elem_list> | C16: => | D16: ="{ " & TEXTJOIN(", ", TRUE, F16:Z16) & " }" -> { } } | E16: Follow(<1D_elem_list>) | F16: }
A17: 17 | B17: <elem_value> | C17: => | D17: ="{ " & TEXTJOIN(", ", TRUE, F17:Z17) & " }" -> { ,, } } | E17: Follow(<elem_value>) | F17: , | G17: }
A18: 18 | B18: <1D_elem_list_tail> | C18: => | D18: ="{ " & TEXTJOIN(", ", TRUE, F18:Z18) & " }" -> { } } | E18: Follow(<1D_elem_list_tail>) | F18: }
A19: 19 | B19: <arr_2D_init_opt> | C19: => | D19: ="{ " & TEXTJOIN(", ", TRUE, F19:Z19) & " }" -> { ; } | E19: Follow(<arr_2D_init_opt>) | F19: ;
A20: 20 | B20: <arr_2D_init> | C20: => | D20: ="{ " & TEXTJOIN(", ", TRUE, F20:Z20) & " }" -> { ; } | E20: Follow(<arr_2D_init>) | F20: ;
A21: 21 | B21: <2D_elem_list> | C21: => | D21: ="{ " & TEXTJOIN(", ", TRUE, F21:Z21) & " }" -> { } } | E21: Follow(<2D_elem_list>) | F21: }
A22: 22 | B22: <2D_elem_list_cont> | C22: => | D22: ="{ " & TEXTJOIN(", ", TRUE, F22:Z22) & " }" -> { } } | E22: Follow(<2D_elem_list_cont>) | F22: }
A23: 23 | B23: <const_1D_or_2D> | C23: => | D23: ="{ " & TEXTJOIN(", ", TRUE, F23:Z23) & " }" -> { ; } | E23: Follow(<const_1D_or_2D>) | F23: ;
A24: 24 | B24: <weave_init_list> | C24: => | D24: ="{ " & TEXTJOIN(", ", TRUE, F24:Z24) & " }" -> { } } | E24: Follow(<weave_init_list>) | F24: }
A25: 25 | B25: <weave_elem> | C25: => | D25: ="{ " & TEXTJOIN(", ", TRUE, F25:Z25) & " }" -> { ,, } } | E25: Follow(<weave_elem>) | F25: , | G25: }
A26: 26 | B26: <weave_init_list_tail> | C26: => | D26: ="{ " & TEXTJOIN(", ", TRUE, F26:Z26) & " }" -> { } } | E26: Follow(<weave_init_list_tail>) | F26: }
A27: 27 | B27: <weave_def> | C27: => | D27: ="{ " & TEXTJOIN(", ", TRUE, F27:Z27) & " }" -> { global , weave, func, int } | E27: Follow(<weave_def>) | F27: global | G27: weave | H27: func | I27: int
A28: 28 | B28: <field_list> | C28: => | D28: ="{ " & TEXTJOIN(", ", TRUE, F28:Z28) & " }" -> { } } | E28: Follow(<field_list>) | F28: }
A29: 29 | B29: <field_dec> | C29: => | D29: ="{ " & TEXTJOIN(", ", TRUE, F29:Z29) & " }" -> { int, long, float, double, char, string, bool, } } | E29: Follow(<field_dec>) | F29: int | G29: long | H29: float | I29: double | J29: char | K29: string | L29: bool | M29: }
A30: 30 | B30: <function> | C30: => | D30: ="{ " & TEXTJOIN(", ", TRUE, F30:Z30) & " }" -> { int } | E30: Follow(<function>) | F30: int
A31: 31 | B31: <function_def> | C31: => | D31: ="{ " & TEXTJOIN(", ", TRUE, F31:Z31) & " }" -> { func, int } | E31: Follow(<function_def>) | F31: func | G31: int
A32: 32 | B32: <ret_type> | C32: => | D32: ="{ " & TEXTJOIN(", ", TRUE, F32:Z32) & " }" -> { func, int } | E32: Follow(<ret_type>) | F32: func | G32: int
A33: 33 | B33: <ret_struct> | C33: => | D33: ="{ " & TEXTJOIN(", ", TRUE, F33:Z33) & " }" -> { id } | E33: Follow(<ret_struct>) | F33: id
A34: 34 | B34: <ret_2D> | C34: => | D34: ="{ " & TEXTJOIN(", ", TRUE, F34:Z34) & " }" -> { id } | E34: Follow(<ret_2D>) | F34: id
A35: 35 | B35: <param> | C35: => | D35: ="{ " & TEXTJOIN(", ", TRUE, F35:Z35) & " }" -> { ) } | E35: Follow(<param>) | F35: )
A36: 36 | B36: <param_tail> | C36: => | D36: ="{ " & TEXTJOIN(", ", TRUE, F36:Z36) & " }" -> { ) } | E36: Follow(<param_tail>) | F36: )
A37: 37 | B37: <param_struct> | C37: => | D37: ="{ " & TEXTJOIN(", ", TRUE, F37:Z37) & " }" -> { ,, ) } | E37: Follow(<param_struct>) | F37: , | G37: )
A38: 38 | B38: <param_2D> | C38: => | D38: ="{ " & TEXTJOIN(", ", TRUE, F38:Z38) & " }" -> { ,, ) } | E38: Follow(<param_2D>) | F38: , | G38: )
A39: 39 | B39: <function_body> | C39: => | D39: ="{ " & TEXTJOIN(", ", TRUE, F39:Z39) & " }" -> { return } | E39: Follow(<function_body>) | F39: return
A40: 40 | B40: <using_block> | C40: => | D40: ="{ " & TEXTJOIN(", ", TRUE, F40:Z40) & " }" -> { local, id , abs, len, pow, sqrt, trap, thread, threadln, if, switch, for, while, do, return } | E40: Follow(<using_block>) | F40: local | G40: id | H40: abs | I40: len | J40: pow | K40: sqrt | L40: trap | M40: thread | N40: threadln | O40: if | P40: switch | Q40: for | R40: while | S40: do | T40: return
A41: 41 | B41: <using_stmt> | C41: => | D41: ="{ " & TEXTJOIN(", ", TRUE, F41:Z41) & " }" -> { ; } | E41: Follow(<using_stmt>) | F41: ;
A42: 42 | B42: <using_cont> | C42: => | D42: ="{ " & TEXTJOIN(", ", TRUE, F42:Z42) & " }" -> { ; } | E42: Follow(<using_cont>) | F42: ;
A43: 43 | B43: <local_block> | C43: => | D43: ="{ " & TEXTJOIN(", ", TRUE, F43:Z43) & " }" -> { id , abs, len, pow, sqrt, trap, thread, threadln, if, switch, for, while, do, return, break, }, case, default } | E43: Follow(<local_block>) | F43: id | G43: abs | H43: len | I43: pow | J43: sqrt | K43: trap | L43: thread | M43: threadln | N43: if | O43: switch | P43: for | Q43: while | R43: do | S43: return | T43: break | U43: } | V43: case | W43: default
A44: 44 | B44: <statement_list> | C44: => | D44: ="{ " & TEXTJOIN(", ", TRUE, F44:Z44) & " }" -> { return, break, }, case, default } | E44: Follow(<statement_list>) | F44: return | G44: break | H44: } | I44: case | J44: default
A45: 45 | B45: <statement> | C45: => | D45: ="{ " & TEXTJOIN(", ", TRUE, F45:Z45) & " }" -> { id , abs, len, pow, sqrt, trap, thread, threadln, if, switch, for, while, do, return, break, }, case, default } | E45: Follow(<statement>) | F45: id | G45: abs | H45: len | I45: pow | J45: sqrt | K45: trap | L45: thread | M45: threadln | N45: if | O45: switch | P45: for | Q45: while | R45: do | S45: return | T45: break | U45: } | V45: case | W45: default
A46: 46 | B46: <expression> | C46: => | D46: ="{ " & TEXTJOIN(", ", TRUE, F46:Z46) & " }" -> { ; } | E46: Follow(<expression>) | F46: ;
A47: 47 | B47: <assign_expr> | C47: => | D47: ="{ " & TEXTJOIN(", ", TRUE, F47:Z47) & " }" -> { ; } | E47: Follow(<assign_expr>) | F47: ;
A48: 48 | B48: <mod_or_call> | C48: => | D48: ="{ " & TEXTJOIN(", ", TRUE, F48:Z48) & " }" -> { ; } | E48: Follow(<mod_or_call>) | F48: ;
A49: 49 | B49: <assign_mod_opt> | C49: => | D49: ="{ " & TEXTJOIN(", ", TRUE, F49:Z49) & " }" -> { = , +=, -=, *=, /=, %= } | E49: Follow(<assign_mod_opt>) | F49: = | G49: += | H49: -= | I49: *= | J49: /= | K49: %=
A50: 50 | B50: <lhs_index_2d_opt> | C50: => | D50: ="{ " & TEXTJOIN(", ", TRUE, F50:Z50) & " }" -> { = , +=, -=, *=, /=, %= } | E50: Follow(<lhs_index_2d_opt>) | F50: = | G50: += | H50: -= | I50: *= | J50: /= | K50: %=
A51: 51 | B51: <assign_stmt_op> | C51: => | D51: ="{ " & TEXTJOIN(", ", TRUE, F51:Z51) & " }" -> { ; } | E51: Follow(<assign_stmt_op>) | F51: ;
A52: 52 | B52: <size_mod> | C52: => | D52: ="{ " & TEXTJOIN(", ", TRUE, F52:Z52) & " }" -> { ] } | E52: Follow(<size_mod>) | F52: ]
A53: 53 | B53: <string_or_logical_expr> | C53: => | D53: ="{ " & TEXTJOIN(", ", TRUE, F53:Z53) & " }" -> { ,, ;, ) } | E53: Follow(<string_or_logical_expr>) | F53: , | G53: ; | H53: )
A54: 54 | B54: <string_expr_tail> | C54: => | D54: ="{ " & TEXTJOIN(", ", TRUE, F54:Z54) & " }" -> { ,, ;, ) } | E54: Follow(<string_expr_tail>) | F54: , | G54: ; | H54: )
A55: 55 | B55: <logical_expr> | C55: => | D55: ="{ " & TEXTJOIN(", ", TRUE, F55:Z55) & " }" -> { .., ,, ;, ) } | E55: Follow(<logical_expr>) | F55: .. | G55: , | H55: ; | I55: )
A56: 56 | B56: <logical_expr_tail> | C56: => | D56: ="{ " & TEXTJOIN(", ", TRUE, F56:Z56) & " }" -> { .., ,, ;, ) } | E56: Follow(<logical_expr_tail>) | F56: .. | G56: , | H56: ; | I56: )
A57: 57 | B57: <logical_term> | C57: => | D57: ="{ " & TEXTJOIN(", ", TRUE, F57:Z57) & " }" -> { ||, .., ,, ;, ) } | E57: Follow(<logical_term>) | F57: || | G57: .. | H57: , | I57: ; | J57: )
A58: 58 | B58: <logical_term_tail> | C58: => | D58: ="{ " & TEXTJOIN(", ", TRUE, F58:Z58) & " }" -> { ||, .., ,, ;, ) } | E58: Follow(<logical_term_tail>) | F58: || | G58: .. | H58: , | I58: ; | J58: )
A59: 59 | B59: <logical_factor> | C59: => | D59: ="{ " & TEXTJOIN(", ", TRUE, F59:Z59) & " }" -> { &&, ||, .., ,, ;, ) } | E59: Follow(<logical_factor>) | F59: && | G59: || | H59: .. | I59: , | J59: ; | K59: )
A60: 60 | B60: <rel_expr> | C60: => | D60: ="{ " & TEXTJOIN(", ", TRUE, F60:Z60) & " }" -> { &&, ||, .., ,, ;, ) } | E60: Follow(<rel_expr>) | F60: && | G60: || | H60: .. | I60: , | J60: ; | K60: )
A61: 61 | B61: <arith_expr> | C61: => | D61: ="{ " & TEXTJOIN(", ", TRUE, F61:Z61) & " }" -> { ==, !=, >, <, >=, <=, &&, ||, .., ,, ;, , ) } | E61: Follow(<arith_expr>) | F61: == | G61: != | H61: > | I61: < | J61: >= | K61: <= | L61: && | M61: || | N61: .. | O61: , | P61: ; | R61: )
A62: 62 | B62: <add_min_cont> | C62: => | D62: ="{ " & TEXTJOIN(", ", TRUE, F62:Z62) & " }" -> { ==, !=, >, <, >=, <=, &&, ||, .., ,, ;, , ) } | E62: Follow(<add_min_cont>) | F62: == | G62: != | H62: > | I62: < | J62: >= | K62: <= | L62: && | M62: || | N62: .. | O62: , | P62: ; | R62: )
A63: 63 | B63: <term> | C63: => | D63: ="{ " & TEXTJOIN(", ", TRUE, F63:Z63) & " }" -> { +, -, ==, !=, >, <, >=, <=, &&, ||, .., ,, ;, , ) } | E63: Follow(<term>) | F63: + | G63: - | H63: == | I63: != | J63: > | K63: < | L63: >= | M63: <= | N63: && | O63: || | P63: .. | Q63: , | R63: ; | T63: )
A64: 64 | B64: <mult_div_modulo_cont> | C64: => | D64: ="{ " & TEXTJOIN(", ", TRUE, F64:Z64) & " }" -> { +, -, ==, !=, >, <, >=, <=, &&, ||, .., ,, ;, , ) } | E64: Follow(<mult_div_modulo_cont>) | F64: + | G64: - | H64: == | I64: != | J64: > | K64: < | L64: >= | M64: <= | N64: && | O64: || | P64: .. | Q64: , | R64: ; | T64: )
A65: 65 | B65: <primary> | C65: => | D65: ="{ " & TEXTJOIN(", ", TRUE, F65:Z65) & " }" -> { *, /, %, +, -, ==, !=, >, <, >=, <=, &&, ||, .., ,, ;, , ) } | E65: Follow(<primary>) | F65: * | G65: / | H65: % | I65: + | J65: - | K65: == | L65: != | M65: > | N65: < | O65: >= | P65: <= | Q65: && | R65: || | S65: .. | T65: , | U65: ; | W65: )
A66: 66 | B66: <cast_or_val> | C66: => | D66: ="{ " & TEXTJOIN(", ", TRUE, F66:Z66) & " }" -> { *, /, %, +, -, ==, !=, >, <, >=, <=, &&, ||, .., ,, ;, , ) } | E66: Follow(<cast_or_val>) | F66: * | G66: / | H66: % | I66: + | J66: - | K66: == | L66: != | M66: > | N66: < | O66: >= | P66: <= | Q66: && | R66: || | S66: .. | T66: , | U66: ; | W66: )
A67: 67 | B67: <atom> | C67: => | D67: ="{ " & TEXTJOIN(", ", TRUE, F67:Z67) & " }" -> { *, /, %, +, -, ==, !=, >, <, >=, <=, &&, ||, .., ,, ;, , ) } | E67: Follow(<atom>) | F67: * | G67: / | H67: % | I67: + | J67: - | K67: == | L67: != | M67: > | N67: < | O67: >= | P67: <= | Q67: && | R67: || | S67: .. | T67: , | U67: ; | W67: )
A68: 68 | B68: <iden_mod> | C68: => | D68: ="{ " & TEXTJOIN(", ", TRUE, F68:Z68) & " }" -> { *, /, %, +, -, ==, !=, >, <, >=, <=, &&, ||, .., ,, ;, , ) } | E68: Follow(<iden_mod>) | F68: * | G68: / | H68: % | I68: + | J68: - | K68: == | L68: != | M68: > | N68: < | O68: >= | P68: <= | Q68: && | R68: || | S68: .. | T68: , | U68: ; | W68: )
A69: 69 | B69: <arr_or_func> | C69: => | D69: ="{ " & TEXTJOIN(", ", TRUE, F69:Z69) & " }" -> { *, /, %, +, -, ==, !=, >, <, >=, <=, &&, ||, .., ,, ;, , ) } | E69: Follow(<arr_or_func>) | F69: * | G69: / | H69: % | I69: + | J69: - | K69: == | L69: != | M69: > | N69: < | O69: >= | P69: <= | Q69: && | R69: || | S69: .. | T69: , | U69: ; | W69: )
A70: 70 | B70: <2D_array> | C70: => | D70: ="{ " & TEXTJOIN(", ", TRUE, F70:Z70) & " }" -> { *, /, %, +, -, ==, !=, >, <, >=, <=, &&, ||, .., ,, ;, ), } | E70: Follow(<2D_array>) | F70: * | G70: / | H70: % | I70: + | J70: - | K70: == | L70: != | M70: > | N70: < | O70: >= | P70: <= | Q70: && | R70: || | S70: .. | T70: , | U70: ; | V70: )
A71: 71 | B71: <literals> | C71: => | D71: ="{ " & TEXTJOIN(", ", TRUE, F71:Z71) & " }" -> { ,, ;, }, *, /, %, +, -, ==, !=, >, <, >=, <=, &&, ||, .., , ) } | E71: Follow(<literals>) | F71: , | G71: ; | H71: } | I71: * | J71: / | K71: % | L71: + | M71: - | N71: == | O71: != | P71: > | Q71: < | R71: >= | S71: <= | T71: && | U71: || | V71: .. | X71: )
A72: 72 | B72: <builtin_func> | C72: => | D72: ="{ " & TEXTJOIN(", ", TRUE, F72:Z72) & " }" -> { ;, *, /, %, +, -, ==, !=, >, <, >=, <=, &&, ||, .., ,, , ) } | E72: Follow(<builtin_func>) | F72: ; | G72: * | H72: / | I72: % | J72: + | K72: - | L72: == | M72: != | N72: > | O72: < | P72: >= | Q72: <= | R72: && | S72: || | T72: .. | U72: , | W72: )
A73: 73 | B73: <arg> | C73: => | D73: ="{ " & TEXTJOIN(", ", TRUE, F73:Z73) & " }" -> { ) } | E73: Follow(<arg>) | F73: )
A74: 74 | B74: <multi_arg> | C74: => | D74: ="{ " & TEXTJOIN(", ", TRUE, F74:Z74) & " }" -> { ) } | E74: Follow(<multi_arg>) | F74: )
A75: 75 | B75: <I/O_stmt> | C75: => | D75: ="{ " & TEXTJOIN(", ", TRUE, F75:Z75) & " }" -> { id , abs, len, pow, sqrt, trap, thread, threadln, if, switch, for, while, do, return, break, }, case, default } | E75: Follow(<I/O_stmt>) | F75: id | G75: abs | H75: len | I75: pow | J75: sqrt | K75: trap | L75: thread | M75: threadln | N75: if | O75: switch | P75: for | Q75: while | R75: do | S75: return | T75: break | U75: } | V75: case | W75: default
A76: 76 | B76: <input_stmt> | C76: => | D76: ="{ " & TEXTJOIN(", ", TRUE, F76:Z76) & " }" -> { id , abs, len, pow, sqrt, trap, thread, threadln, if, switch, for, while, do, return, break, }, case, default } | E76: Follow(<input_stmt>) | F76: id | G76: abs | H76: len | I76: pow | J76: sqrt | K76: trap | L76: thread | M76: threadln | N76: if | O76: switch | P76: for | Q76: while | R76: do | S76: return | T76: break | U76: } | V76: case | W76: default
A77: 77 | B77: <trap_target> | C77: => | D77: ="{ " & TEXTJOIN(", ", TRUE, F77:Z77) & " }" -> { ) } | E77: Follow(<trap_target>) | F77: )
A78: 78 | B78: <trap_suffix> | C78: => | D78: ="{ " & TEXTJOIN(", ", TRUE, F78:Z78) & " }" -> { ) } | E78: Follow(<trap_suffix>) | F78: )
A79: 79 | B79: <output_stmt> | C79: => | D79: ="{ " & TEXTJOIN(", ", TRUE, F79:Z79) & " }" -> { id , abs, len, pow, sqrt, trap, thread, threadln, if, switch, for, while, do, return, break, }, case, default } | E79: Follow(<output_stmt>) | F79: id | G79: abs | H79: len | I79: pow | J79: sqrt | K79: trap | L79: thread | M79: threadln | N79: if | O79: switch | P79: for | Q79: while | R79: do | S79: return | T79: break | U79: } | V79: case | W79: default
A80: 80 | B80: <print_args> | C80: => | D80: ="{ " & TEXTJOIN(", ", TRUE, F80:Z80) & " }" -> { ) } | E80: Follow(<print_args>) | F80: )
A81: 81 | B81: <print_tail> | C81: => | D81: ="{ " & TEXTJOIN(", ", TRUE, F81:Z81) & " }" -> { ) } | E81: Follow(<print_tail>) | F81: )
A82: 82 | B82: <ctrl_struct> | C82: => | D82: ="{ " & TEXTJOIN(", ", TRUE, F82:Z82) & " }" -> { id , abs, len, pow, sqrt, trap, thread, threadln, if, switch, for, while, do, return, break, }, case, default } | E82: Follow(<ctrl_struct>) | F82: id | G82: abs | H82: len | I82: pow | J82: sqrt | K82: trap | L82: thread | M82: threadln | N82: if | O82: switch | P82: for | Q82: while | R82: do | S82: return | T82: break | U82: } | V82: case | W82: default
A83: 83 | B83: <conditional_stmt> | C83: => | D83: ="{ " & TEXTJOIN(", ", TRUE, F83:Z83) & " }" -> { id , abs, len, pow, sqrt, trap, thread, threadln, if, switch, for, while, do, return, break, }, case, default } | E83: Follow(<conditional_stmt>) | F83: id | G83: abs | H83: len | I83: pow | J83: sqrt | K83: trap | L83: thread | M83: threadln | N83: if | O83: switch | P83: for | Q83: while | R83: do | S83: return | T83: break | U83: } | V83: case | W83: default
A84: 84 | B84: <if_stmt> | C84: => | D84: ="{ " & TEXTJOIN(", ", TRUE, F84:Z84) & " }" -> { id , abs, len, pow, sqrt, trap, thread, threadln, if, switch, for, while, do, return, break, }, case, default } | E84: Follow(<if_stmt>) | F84: id | G84: abs | H84: len | I84: pow | J84: sqrt | K84: trap | L84: thread | M84: threadln | N84: if | O84: switch | P84: for | Q84: while | R84: do | S84: return | T84: break | U84: } | V84: case | W84: default
A85: 85 | B85: <condition> | C85: => | D85: ="{ " & TEXTJOIN(", ", TRUE, F85:Z85) & " }" -> { ), ; } | E85: Follow(<condition>) | F85: ) | G85: ;
A86: 86 | B86: <or_tail> | C86: => | D86: ="{ " & TEXTJOIN(", ", TRUE, F86:Z86) & " }" -> { ), ; } | E86: Follow(<or_tail>) | F86: ) | G86: ;
A87: 87 | B87: <and_expr> | C87: => | D87: ="{ " & TEXTJOIN(", ", TRUE, F87:Z87) & " }" -> { ||, ), ; } | E87: Follow(<and_expr>) | F87: || | G87: ) | H87: ;
A88: 88 | B88: <and_tail> | C88: => | D88: ="{ " & TEXTJOIN(", ", TRUE, F88:Z88) & " }" -> { ||, ), ; } | E88: Follow(<and_tail>) | F88: || | G88: ) | H88: ;
A89: 89 | B89: <logical_op> | C89: => | D89: ="{ " & TEXTJOIN(", ", TRUE, F89:Z89) & " }" -> { &&, ||, ), ; } | E89: Follow(<logical_op>) | F89: && | G89: || | H89: ) | I89: ;
A90: 90 | B90: <bool_ctrl> | C90: => | D90: ="{ " & TEXTJOIN(", ", TRUE, F90:Z90) & " }" -> { } | E90: Follow(<bool_ctrl>)
A91: 91 | B91: <bool_ctrl_tail> | C91: => | D91: ="{ " & TEXTJOIN(", ", TRUE, F91:Z91) & " }" -> { } | E91: Follow(<bool_ctrl_tail>)
A92: 92 | B92: <cmp_start> | C92: => | D92: ="{ " & TEXTJOIN(", ", TRUE, F92:Z92) & " }" -> { *, /, %, +, -, ==, !=, >, <, >=, <= } | E92: Follow(<cmp_start>) | F92: * | G92: / | H92: % | I92: + | J92: - | K92: == | L92: != | M92: > | N92: < | O92: >= | P92: <=
A93: 93 | B93: <rel_op> | C93: => | D93: ="{ " & TEXTJOIN(", ", TRUE, F93:Z93) & " }" -> { id, intlit, longlit, floatlit, doublelit, charlit, stringlit, true, false, abs, len, pow, sqrt, -, ( } | E93: Follow(<rel_op>) | F93: id | G93: intlit | H93: longlit | I93: floatlit | J93: doublelit | K93: charlit | L93: stringlit | M93: true | N93: false | O93: abs | P93: len | Q93: pow | R93: sqrt | S93: - | T93: (
A94: 94 | B94: <ctrl_body> | C94: => | D94: ="{ " & TEXTJOIN(", ", TRUE, F94:Z94) & " }" -> { return, }, case, default } | E94: Follow(<ctrl_body>) | F94: return | G94: } | H94: case | I94: default
A95: 95 | B95: <ctrl_statement_list> | C95: => | D95: ="{ " & TEXTJOIN(", ", TRUE, F95:Z95) & " }" -> { return, }, case, default } | E95: Follow(<ctrl_statement_list>) | F95: return | G95: } | H95: case | I95: default
A96: 96 | B96: <break_opt> | C96: => | D96: ="{ " & TEXTJOIN(", ", TRUE, F96:Z96) & " }" -> { return, }, case, default } | E96: Follow(<break_opt>) | F96: return | G96: } | H96: case | I96: default
A97: 97 | B97: <ret_ctrl_body> | C97: => | D97: ="{ " & TEXTJOIN(", ", TRUE, F97:Z97) & " }" -> { }, case, default } | E97: Follow(<ret_ctrl_body>) | F97: } | G97: case | H97: default
A98: 98 | B98: <else_if_ei_stmt> | C98: => | D98: ="{ " & TEXTJOIN(", ", TRUE, F98:Z98) & " }" -> { id , abs, len, pow, sqrt, trap, thread, threadln, if, switch, for, while, do, return, break, }, case, default } | E98: Follow(<else_if_ei_stmt>) | F98: id | G98: abs | H98: len | I98: pow | J98: sqrt | K98: trap | L98: thread | M98: threadln | N98: if | O98: switch | P98: for | Q98: while | R98: do | S98: return | T98: break | U98: } | V98: case | W98: default
A99: 99 | B99: <else_stmt> | C99: => | D99: ="{ " & TEXTJOIN(", ", TRUE, F99:Z99) & " }" -> { id , abs, len, pow, sqrt, trap, thread, threadln, if, switch, for, while, do, return, break, }, case, default } | E99: Follow(<else_stmt>) | F99: id | G99: abs | H99: len | I99: pow | J99: sqrt | K99: trap | L99: thread | M99: threadln | N99: if | O99: switch | P99: for | Q99: while | R99: do | S99: return | T99: break | U99: } | V99: case | W99: default
A100: 100 | B100: <switch_stmt> | C100: => | D100: ="{ " & TEXTJOIN(", ", TRUE, F100:Z100) & " }" -> { id , abs, len, pow, sqrt, trap, thread, threadln, if, switch, for, while, do, return, break, }, case, default } | E100: Follow(<switch_stmt>) | F100: id | G100: abs | H100: len | I100: pow | J100: sqrt | K100: trap | L100: thread | M100: threadln | N100: if | O100: switch | P100: for | Q100: while | R100: do | S100: return | T100: break | U100: } | V100: case | W100: default
...

Sheet Predict Set Macro
A1: 1 | B1: First(<global_dec> <function> <main_func>) = | C1: First(<global_dec>) = | D1: { global, weave, func, int }
A2: 2 | B2: First(global <mutability> ; <global_dec>) = | D2: { global }
A3: 3 | B3: First(<weave_def> <global_dec>) = | C3: First(<weave_def>) = | D3: { weave }
A4: 4 | B4: First(λ - λ) ∪ Follow(<global_dec>) = | C4: Follow(<global_dec>) = | D4: { func, int }
A5: 5 | B5: First(var <var_or_weave>) = | D5: { var }
A6: 6 | B6: First(const <const_weave>) = | D6: { const }
A7: 7 | B7: First(<dtype> id <var_or_arr>) = | C7: First(<dtype>) = | D7: { int, long, float, double, char, string, bool }
A8: 8 | B8: First(id id = { <weave_init_list> }) = | D8: { id }
A9: 9 | B9: First(<dtype> id <const_or_arr>) = | C9: First(<dtype>) = | D9: { int, long, float, double, char, string, bool }
A10: 10 | B10: First(id id = { <weave_init_list> }) = | D10: { id }
A11: 11 | B11: First(int) = | D11: { int }
A12: 12 | B12: First(long) = | D12: { long }
A13: 13 | B13: First(float) = | D13: { float }
A14: 14 | B14: First(double) = | D14: { double }
A15: 15 | B15: First(char) = | D15: { char }
A16: 16 | B16: First(string) = | D16: { string }
A17: 17 | B17: First(bool) = | D17: { bool }
A18: 18 | B18: First(= <value> <multi_dec>) = | D18: { = }
A19: 19 | B19: First([ <size> ] <var_1D_or_2D>) = | D19: { [ }
A20: 20 | B20: First(= <literals_num> <multi_dec_const>) = | D20: { = }
A21: 21 | B21: First([ <size> ] <const_1D_or_2D>) = | D21: { [ }
A22: 22 | B22: First(<string_or_logical_expr>) = | C22: First(<string_or_logical_expr>) = | D22: { !, -, (, id, intlit, longlit, floatlit, doublelit, charlit, stringlit, true, false, abs, len, pow, sqrt }
A23: 23 | B23: First(, id = <value> <multi_dec>) = | D23: { , }
A24: 24 | B24: First(λ - λ) ∪ Follow(<multi_dec>) = | C24: Follow(<multi_dec>) = | D24: { ; }
A25: 25 | B25: First(, id = <literals_num> <multi_dec_const>) = | D25: { , }
A26: 26 | B26: First(λ - λ) ∪ Follow(<multi_dec_const>) = | C26: Follow(<multi_dec_const>) = | D26: { ; }
A27: 27 | B27: First(intlit) = | D27: { intlit }
A28: 28 | B28: First(id) = | D28: { id }
A29: 29 | B29: First(<literals>) = | C29: First(<literals>) = | D29: { intlit, longlit, floatlit, doublelit, charlit, stringlit, true, false }
A30: 30 | B30: First(- <num_lit>) = | D30: { - }
A31: 31 | B31: First(intlit) = | D31: { intlit }
A32: 32 | B32: First(longlit) = | D32: { longlit }
A33: 33 | B33: First(floatlit) = | D33: { floatlit }
A34: 34 | B34: First(doublelit) = | D34: { doublelit }
A35: 35 | B35: First(= { <1D_elem_list> }) = | D35: { = }
A36: 36 | B36: First([ <size> ] <arr_2D_init_opt>) = | D36: { [ }
A37: 37 | B37: First(λ - λ) ∪ Follow(<var_1D_or_2D>) = | C37: Follow(<var_1D_or_2D>) = | D37: { ; }
A38: 38 | B38: First(<elem_value> <1D_elem_list_tail>) = | C38: First(<elem_value>) = | D38: { id, intlit, longlit, floatlit, doublelit, charlit, stringlit, true, false }
A39: 39 | B39: First(<literals>) = | C39: First(<literals>) = | D39: { intlit, longlit, floatlit, doublelit, charlit, stringlit, true, false }
A40: 40 | B40: First(id) = | D40: { id }
A41: 41 | B41: First(, <elem_value> <1D_elem_list_tail>) = | D41: { , }
A42: 42 | B42: First(λ - λ) ∪ Follow(<1D_elem_list_tail>) = | C42: Follow(<1D_elem_list_tail>) = | D42: { } }
A43: 43 | B43: First(<arr_2D_init>) = | C43: First(<arr_2D_init>) = | D43: { = }
A44: 44 | B44: First(λ - λ) ∪ Follow(<arr_2D_init_opt>) = | C44: Follow(<arr_2D_init_opt>) = | D44: { ; }
A45: 45 | B45: First(= { <2D_elem_list> }) = | D45: { = }
A46: 46 | B46: First({ <1D_elem_list> } <2D_elem_list_cont>) = | D46: { { }
A47: 47 | B47: First(, <2D_elem_list>) = | D47: { , }
A48: 48 | B48: First(λ - λ) ∪ Follow(<2D_elem_list_cont>) = | C48: Follow(<2D_elem_list_cont>) = | D48: { } }
A49: 49 | B49: First(= { <1D_elem_list> }) = | D49: { = }
A50: 50 | B50: First([ <size> ] <arr_2D_init>) = | D50: { [ }
A51: 51 | B51: First(<weave_elem> <weave_init_list_tail>) = | C51: First(<weave_elem>) = | D51: { -, id, intlit, longlit, floatlit, doublelit, charlit, stringlit, true, false }
A52: 52 | B52: First(<literals_num>) = | C52: First(<literals_num>) = | D52: { -, intlit, longlit, floatlit, doublelit, charlit, stringlit, true, false }
A53: 53 | B53: First(id) = | D53: { id }
A54: 54 | B54: First(, <weave_elem> <weave_init_list_tail>) = | D54: { , }
A55: 55 | B55: First(λ - λ) ∪ Follow(<weave_init_list_tail>) = | C55: Follow(<weave_init_list_tail>) = | D55: { } }
A56: 56 | B56: First(weave id { <field_list> }) = | D56: { weave }
A57: 57 | B57: First(<field_dec> <field_list>) = | C57: First(<field_dec>) = | D57: { int, long, float, double, char, string, bool }
A58: 58 | B58: First(λ - λ) ∪ Follow(<field_list>) = | C58: Follow(<field_list>) = | D58: { } }
A59: 59 | B59: First(<dtype> id ;) = | C59: First(<dtype>) = | D59: { int, long, float, double, char, string, bool }
A60: 60 | B60: First(<function_def> <function>) = | C60: First(<function_def>) = | D60: { func }
A61: 61 | B61: First(λ - λ) ∪ Follow(<function>) = | C61: Follow(<function>) = | D61: { int }
A62: 62 | B62: First(func <ret_type>) = | D62: { func }
A63: 63 | B63: First(<dtype> <ret_struct> id ( <param> ) { <function_body> <ret_stmt> }) = | C63: First(<dtype>) = | D63: { int, long, float, double, char, string, bool }
A64: 64 | B64: First(void id ( ) { <function_body> return ; }) = | D64: { void }
A65: 65 | B65: First([ <size> ] <ret_2D>) = | D65: { [ }
A66: 66 | B66: First(λ - λ) ∪ Follow(<ret_struct>) = | C66: Follow(<ret_struct>) = | D66: { id }
A67: 67 | B67: First([ <size> ]) = | D67: { [ }
A68: 68 | B68: First(λ - λ) ∪ Follow(<ret_2D>) = | C68: Follow(<ret_2D>) = | D68: { id }
A69: 69 | B69: First(<dtype> id <param_struct> <param_tail>) = | C69: First(<dtype>) = | D69: { int, long, float, double, char, string, bool }
A70: 70 | B70: First(λ - λ) ∪ Follow(<param>) = | C70: Follow(<param>) = | D70: { ) }
A71: 71 | B71: First(, <param>) = | D71: { , }
A72: 72 | B72: First(λ - λ) ∪ Follow(<param_tail>) = | C72: Follow(<param_tail>) = | D72: { ) }
A73: 73 | B73: First([ <size> ] <param_2D>) = | D73: { [ }
A74: 74 | B74: First(λ - λ) ∪ Follow(<param_struct>) = | C74: Follow(<param_struct>) = | D74: { ,, ) }
A75: 75 | B75: First([ <size> ]) = | D75: { [ }
A76: 76 | B76: First(λ - λ) ∪ Follow(<param_2D>) = | C76: Follow(<param_2D>) = | D76: { ,, ) }
A77: 77 | B77: First(<using_block> <local_block> <statement_list> - λ) ∪ Follow(<function_body>) = | C77: Follow(<function_body>) = | D77: { using, local, id, abs, len, pow, sqrt, trap, thread, threadln, if, switch, for, while, do, return }
A78: 78 | B78: First(<using_stmt> ; <using_block>) = | C78: First(<using_stmt>) = | D78: { using }
A79: 79 | B79: First(λ - λ) ∪ Follow(<using_block>) = | C79: Follow(<using_block>) = | D79: { local, id, abs, len, pow, sqrt, trap, thread, threadln, if, switch, for, while, do, return }
A80: 80 | B80: First(using id <using_cont>) = | D80: { using }
A81: 81 | B81: First(, id <using_cont>) = | D81: { , }
A82: 82 | B82: First(λ - λ) ∪ Follow(<using_cont>) = | C82: Follow(<using_cont>) = | D82: { ; }
A83: 83 | B83: First(local <mutability> ; <local_block>) = | D83: { local }
A84: 84 | B84: First(λ - λ) ∪ Follow(<local_block>) = | C84: Follow(<local_block>) = | D84: { id, abs, len, pow, sqrt, trap, thread, threadln, if, switch, for, while, do, return, break, }, case, default }
A85: 85 | B85: First(<statement> <statement_list>) = | C85: First(<statement>) = | D85: { id, abs, len, pow, sqrt, trap, thread, threadln, if, switch, for, while, do }
A86: 86 | B86: First(λ - λ) ∪ Follow(<statement_list>) = | C86: Follow(<statement_list>) = | D86: { return, break, }, case, default }
A87: 87 | B87: First(<expression> ;) = | C87: First(<expression>) = | D87: { id, abs, len, pow, sqrt }
A88: 88 | B88: First(<I/O_stmt>) = | C88: First(<I/O_stmt>) = | D88: { trap, thread, threadln }
A89: 89 | B89: First(<ctrl_struct>) = | C89: First(<ctrl_struct>) = | D89: { if, switch, for, while, do }
A90: 90 | B90: First(<assign_expr>) = | C90: First(<assign_expr>) = | D90: { id }
A91: 91 | B91: First(<builtin_func>) = | C91: First(<builtin_func>) = | D91: { abs, len, pow, sqrt }
A92: 92 | B92: First(id <mod_or_call>) = | D92: { id }
A93: 93 | B93: First(<assign_mod_opt> <assign_stmt_op>) = | C93: First(<assign_mod_opt>) = | D93: { ., [, =, +=, -=, *=, /=, %= }
A94: 94 | B94: First(( <arg> )) = | D94: { ( }
A95: 95 | B95: First(. id) = | D95: { . }
A96: 96 | B96: First([ <size_mod> ] <lhs_index_2d_opt>) = | D96: { [ }
A97: 97 | B97: First(λ - λ) ∪ Follow(<assign_mod_opt>) = | C97: Follow(<assign_mod_opt>) = | D97: { =, +=, -=, *=, /=, %= }
A98: 98 | B98: First([ <size_mod> ]) = | D98: { [ }
A99: 99 | B99: First(λ - λ) ∪ Follow(<lhs_index_2d_opt>) = | C99: Follow(<lhs_index_2d_opt>) = | D99: { =, +=, -=, *=, /=, %= }
A100: 100 | B100: First(= <value>) = | D100: { = }
...

Sheet predict_set
A1: <program> | B1: { global, weave, func, int }
A2: <global_dec> | B2: { global }
A3: <global_dec> | B3: { weave }
A4: <global_dec> | B4: { func, int }
A5: <mutability> | B5: { var }
A6: <mutability> | B6: { const }
A7: <var_or_weave> | B7: { int, long, float, double, char, string, bool }
A8: <var_or_weave> | B8: { id }
A9: <const_weave> | B9: { int, long, float, double, char, string, bool }
A10: <const_weave> | B10: { id }
A11: <dtype> | B11: { int }
A12: <dtype> | B12: { long }
... A250: <main_body> | B250: { using, local, id, abs, len, pow, sqrt, trap, thread, threadln, if, switch, for, while, do, return }

Sheet Draft
A1: =ROW() -> 1 | B1: <program> | C1: ="=>" -> => | D1: <global_decl> | E1: <recipe_decl> | F1: start | G1: ( | H1: ) | I1: <platter>
A2: =ROW() -> 2 | B2: <global_decl> | C2: ="=>" -> => | D2: piece | E2: <piece_decl> | F2: <global_decl>
A3: =ROW() -> 3 | B3: <global_decl> | C3: ="=>" -> => | D3: chars | E3: <chars_decl> | F3: <global_decl>
A4: =ROW() -> 4 | B4: <global_decl> | C4: ="=>" -> => | D4: sip | E4: <sip_decl> | F4: <global_decl>
A5: =ROW() -> 5 | B5: <global_decl> | C5: ="=>" -> => | D5: flag | E5: <flag_decl> | F5: <global_decl>
A6: =ROW() -> 6 | B6: <global_decl> | C6: ="=>" -> => | D6: <table_prototype> | E6: <global_decl>
A7: =ROW() -> 7 | B7: <global_decl> | C7: ="=>" -> => | D7: id | E7: <table_decl> | F7: <global_decl>
A8: =ROW() -> 8 | B8: <global_decl> | C8: ="=>" -> => | D8: λ
A9: =ROW() -> 9 | B9: <piece_decl> | C9: ="=>" -> => | D9: of | E9: <piece_id> | F9: ;
A10: =ROW() -> 10 | B10: <piece_decl> | C10: ="=>" -> => | D10: <decl_type>
A11: =ROW() -> 11 | B11: <piece_id> | C11: ="=>" -> => | D11: id | E11: <piece_ingredient_init> | F11: <piece_id_tail>
A12: =ROW() -> 12 | B12: <piece_ingredient_init> | C12: ="=>" -> => | D12: ="=" -> = | E12: <strict_piece_expr>
A13: =ROW() -> 13 | B13: <piece_ingredient_init> | C13: ="=>" -> => | D13: λ
A14: =ROW() -> 14 | B14: <strict_piece_expr> | C14: ="=>" -> => | D14: <strict_piece_term> | E14: <strict_piece_add_tail>
A15: =ROW() -> 15 | B15: <strict_piece_term> | C15: ="=>" -> => | D15: <strict_piece_factor> | E15: <strict_piece_mult_tail>
A16: =ROW() -> 16 | B16: <strict_piece_factor> | C16: ="=>" -> => | D16: <ret_piece>
A17: =ROW() -> 17 | B17: <strict_piece_factor> | C17: ="=>" -> => | D17: <id>
A18: =ROW() -> 18 | B18: <strict_piece_factor> | C18: ="=>" -> => | D18: ( | E18: <strict_piece_expr> | F18: )
A19: =ROW() -> 19 | B19: <ret_piece> | C19: ="=>" -> => | D19: topiece | E19: ( | F19: <any_expr> | G19: )
A20: =ROW() -> 20 | B20: <ret_piece> | C20: ="=>" -> => | D20: size | E20: ( | F20: <strict_array_expr> | G20: )
A21: =ROW() -> 21 | B21: <ret_piece> | C21: ="=>" -> => | D21: search | E21: ( | F21: <strict_array_expr> | G21: , | H21: <value> | I21: )
A22: =ROW() -> 22 | B22: <ret_piece> | C22: ="=>" -> => | D22: fact | E22: ( | F22: <strict_piece_expr> | G22: )
A23: =ROW() -> 23 | B23: <ret_piece> | C23: ="=>" -> => | D23: pow | E23: ( | F23: <strict_piece_expr> | G23: , | H23: <strict_piece_expr> | I23: )
A24: =ROW() -> 24 | B24: <ret_piece> | C24: ="=>" -> => | D24: piece_lit
A25: =ROW() -> 25 | B25: <any_expr> | C25: ="=>" -> => | D25: <ret_piece> | E25: <piece_mult_tail> | F25: <piece_add_tail> | G25: <piece_rel_gate>
A26: =ROW() -> 26 | B26: <any_expr> | C26: ="=>" -> => | D26: <ret_sip> | E26: <sip_mult_tail> | F26: <sip_add_tail> | G26: <sip_rel_gate>
A27: =ROW() -> 27 | B27: <any_expr> | C27: ="=>" -> => | D27: <ret_chars> | E27: <chars_add_tail> | F27: <chars_rel_gate>
A28: =ROW() -> 28 | B28: <any_expr> | C28: ="=>" -> => | D28: <ret_flag> | E28: <flag_logic_tail>
A29: =ROW() -> 29 | B29: <any_expr> | C29: ="=>" -> => | D29: <id> | E29: <univ_mult_tail> | F29: <univ_add_tail> | G29: <univ_rel_gate>
A30: =ROW() -> 30 | B30: <any_expr> | C30: ="=>" -> => | D30: ( | E30: <paren_dispatch>
A31: =ROW() -> 31 | B31: <any_expr> | C31: ="=>" -> => | D31: not | E31: <must_be_flag>
A32: =ROW() -> 32 | B32: <piece_mult_tail> | C32: ="=>" -> => | D32: * | E32: <piece_factor> | F32: <piece_mult_tail>
A33: =ROW() -> 33 | B33: <piece_mult_tail> | C33: ="=>" -> => | D33: / | E33: <piece_factor> | F33: <piece_mult_tail>
A34: =ROW() -> 34 | B34: <piece_mult_tail> | C34: ="=>" -> => | D34: % | E34: <piece_factor> | F34: <piece_mult_tail>
A35: =ROW() -> 35 | B35: <piece_mult_tail> | C35: ="=>" -> => | D35: λ
A36: =ROW() -> 36 | B36: <piece_factor> | C36: ="=>" -> => | D36: <ret_piece>
A37: =ROW() -> 37 | B37: <piece_factor> | C37: ="=>" -> => | D37: <id>
A38: =ROW() -> 38 | B38: <piece_factor> | C38: ="=>" -> => | D38: ( | E38: <piece_inner_dispatch>
A39: =ROW() -> 39 | B39: <id> | C39: ="=>" -> => | D39: id | E39: <id_tail>
A40: =ROW() -> 40 | B40: <id> | C40: ="=>" -> => | D40: <ret_array> | E40: <array_accessor>
A41: =ROW() -> 41 | B41: <id_tail> | C41: ="=>" -> => | D41: <call_tailopt> | E41: <accessor_tail>
A42: =ROW() -> 42 | B42: <call_tailopt> | C42: ="=>" -> => | D42: ( | E42: <flavor> | F42: )
A43: =ROW() -> 43 | B43: <call_tailopt> | C43: ="=>" -> => | D43: λ
A44: =ROW() -> 44 | B44: <flavor> | C44: ="=>" -> => | D44: <value> | E44: <flavor_tail>
A45: =ROW() -> 45 | B45: <flavor> | C45: ="=>" -> => | D45: λ
A46: =ROW() -> 46 | B46: <value> | C46: ="=>" -> => | D46: <ret_piece> | E46: <piece_mult_tail> | F46: <piece_add_tail> | G46: <piece_rel_gate>
A47: =ROW() -> 47 | B47: <value> | C47: ="=>" -> => | D47: <ret_sip> | E47: <sip_mult_tail> | F47: <sip_add_tail> | G47: <sip_rel_gate>
A48: =ROW() -> 48 | B48: <value> | C48: ="=>" -> => | D48: <ret_chars> | E48: <chars_add_tail> | F48: <chars_rel_gate>
A49: =ROW() -> 49 | B49: <value> | C49: ="=>" -> => | D49: <ret_flag> | E49: <flag_logic_tail>
A50: =ROW() -> 50 | B50: <value> | C50: ="=>" -> => | D50: ( | E50: <paren_dispatch>
A51: =ROW() -> 51 | B51: <value> | C51: ="=>" -> => | D51: not | E51: <must_be_flag>
A52: =ROW() -> 52 | B52: <value> | C52: ="=>" -> => | D52: [ | E52: <notation_val> | F52: ]
A53: =ROW() -> 53 | B53: <value> | C53: ="=>" -> => | D53: <ret_array> | E53: <value_tail>
A54: =ROW() -> 54 | B54: <value> | C54: ="=>" -> => | D54: id | E54: <univ_mult_tail> | F54: <univ_add_tail> | G54: <univ_rel_gate>
A55: =ROW() -> 55 | B55: <value_tail> | C55: ="=>" -> => | D55: <array_accessor> | E55: <univ_mult_tail> | F55: <univ_add_tail> | G55: <univ_rel_gate>
A56: =ROW() -> 56 | B56: <value_tail> | C56: ="=>" -> => | D56: λ
A57: =ROW() -> 57 | B57: <notation_val> | C57: ="=>" -> => | D57: <array_element>
A58: =ROW() -> 58 | B58: <notation_val> | C58: ="=>" -> => | D58: id | E58: <array_or_table>
A59: =ROW() -> 59 | B59: <notation_val> | C59: ="=>" -> => | D59: λ
A60: =ROW() -> 60 | B60: <array_element> | C60: ="=>" -> => | D60: piece_lit | E60: <element_value_tail>
A61: =ROW() -> 61 | B61: <array_element> | C61: ="=>" -> => | D61: sip_lit | E61: <element_value_tail>
A62: =ROW() -> 62 | B62: <array_element> | C62: ="=>" -> => | D62: flag_lit | E62: <element_value_tail>
A63: =ROW() -> 63 | B63: <array_element> | C63: ="=>" -> => | D63: chars_lit | E63: <element_value_tail>
A64: =ROW() -> 64 | B64: <array_element> | C64: ="=>" -> => | D64: [ | E64: <notation_val> | F64: ] | G64: <element_value_tail>
A65: =ROW() -> 65 | B65: <element_value_tail> | C65: ="=>" -> => | D65: , | E65: <array_element_id>
A66: =ROW() -> 66 | B66: <element_value_tail> | C66: ="=>" -> => | D66: λ
A67: =ROW() -> 67 | B67: <array_element_id> | C67: ="=>" -> => | D67: id | E67: <element_value_tail>
A68: =ROW() -> 68 | B68: <array_element_id> | C68: ="=>" -> => | D68: <array_element>
A69: =ROW() -> 69 | B69: <array_element_id> | D69: λ
A70: =ROW() -> 70 | B70: <ret_sip> | C70: ="=>" -> => | D70: sqrt | E70: ( | F70: <strict_piece_expr> | G70: )
A71: =ROW() -> 71 | B71: <ret_sip> | C71: ="=>" -> => | D71: rand | E71: ( | F71: )
A72: =ROW() -> 72 | B72: <ret_sip> | C72: ="=>" -> => | D72: tosip | E72: ( | F72: <any_expr> | G72: )
A73: =ROW() -> 73 | B73: <ret_sip> | C73: ="=>" -> => | D73: sip_lit
A74: =ROW() -> 74 | B74: <ret_flag> | C74: ="=>" -> => | D74: matches | E74: ( | F74: <strict_datas_expr> | G74: , | H74: <strict_datas_expr> | I74: )
A75: =ROW() -> 75 | B75: <ret_flag> | C75: ="=>" -> => | D75: toflag | E75: ( | F75: <any_expr> | G75: )
A76: =ROW() -> 76 | B76: <ret_flag> | C76: ="=>" -> => | D76: flag_lit
A77: =ROW() -> 77 | B77: <strict_datas_expr> | C77: ="=>" -> => | D77: [ | E77: <notation_val> | F77: ]
A78: =ROW() -> 78 | B78: <strict_datas_expr> | C78: ="=>" -> => | D78: <id>
A79: =ROW() -> 79 | B79: <ret_array> | C79: ="=>" -> => | D79: append | E79: ( | F79: <strict_array_expr> | G79: , | H79: <value> | I79: )
A80: =ROW() -> 80 | B80: <ret_array> | C80: ="=>" -> => | D80: sort | E80: ( | F80: <strict_array_expr> | G80: )
A81: =ROW() -> 81 | B81: <ret_array> | C81: ="=>" -> => | D81: reverse | E81: ( | F81: <strict_array_expr> | G81: )
A82: =ROW() -> 82 | B82: <ret_array> | C82: ="=>" -> => | D82: remove | E82: ( | F82: <strict_array_expr> | G82: , | H82: <strict_piece_expr> | I82: )
A83: =ROW() -> 83 | B83: <strict_array_expr> | C83: ="=>" -> => | D83: [ | E83: <array_element_id> | F83: ]
A84: =ROW() -> 84 | B84: <strict_array_expr> | C84: ="=>" -> => | D84: <id>
A85: =ROW() -> 85 | B85: <ret_chars> | C85: ="=>" -> => | D85: bill | E85: ( | F85: <strict_chars_expr> | G85: )
A86: =ROW() -> 86 | B86: <ret_chars> | C86: ="=>" -> => | D86: take | E86: ( | F86: )
A87: =ROW() -> 87 | B87: <ret_chars> | C87: ="=>" -> => | D87: copy | E87: ( | F87: <strict_chars_expr> | G87: , | H87: <strict_piece_expr> | I87: , | J87: <strict_piece_expr> | K87: )
A88: =ROW() -> 88 | B88: <ret_chars> | C88: ="=>" -> => | D88: cut | E88: ( | F88: <strict_sip_expr> | G88: , | H88: <strict_sip_expr> | I88: )
A89: =ROW() -> 89 | B89: <ret_chars> | C89: ="=>" -> => | D89: tochars | E89: ( | F89: <any_expr> | G89: )
A90: =ROW() -> 90 | B90: <ret_chars> | C90: ="=>" -> => | D90: chars_lit
A91: =ROW() -> 91 | B91: <strict_chars_expr> | C91: ="=>" -> => | D91: <strict_chars_factor> | E91: <strict_chars_add_tail>
A92: =ROW() -> 92 | B92: <strict_chars_factor> | C92: ="=>" -> => | D92: <ret_chars>
A93: =ROW() -> 93 | B93: <strict_chars_factor> | C93: ="=>" -> => | D93: <id>
A94: =ROW() -> 94 | B94: <strict_chars_factor> | C94: ="=>" -> => | D94: ( | E94: <strict_chars_expr> | F94: )
A95: =ROW() -> 95 | B95: <strict_chars_add_tail> | C95: ="=>" -> => | D95: + | E95: <strict_chars_factor> | F95: <strict_chars_add_tail>
A96: =ROW() -> 96 | B96: <strict_chars_add_tail> | C96: ="=>" -> => | D96: λ
A97: =ROW() -> 97 | B97: <strict_sip_expr> | C97: ="=>" -> => | D97: <strict_sip_term> | E97: <strict_sip_add_tail>
A98: =ROW() -> 98 | B98: <strict_sip_term> | C98: ="=>" -> => | D98: <strict_sip_factor> | E98: <strict_sip_mult_tail>
A99: =ROW() -> 99 | B99: <strict_sip_factor> | C99: ="=>" -> => | D99: <ret_sip>
A100: =ROW() -> 100 | B100: <strict_sip_factor> | C100: ="=>" -> => | D100: <id>
...

Sheet RAph
A1: =ROW() -> 1 | B1: <program> | C1: ="=>" -> => | D1: <global_decl> | E1: <recipe_decl> | F1: <start_recipe>
A2: =ROW() -> 2 | B2: <global_decl> | C2: ="=>" -> => | D2: <ingredient_decl> | E2: <global_decl>
A3: =ROW() -> 3 | B3: <global_decl> | C3: ="=>" -> => | D3: <array_declaration> | E3: <global_decl>
A4: =ROW() -> 4 | B4: <global_decl> | C4: ="=>" -> => | D4: <table_prototype> | E4: <global_decl>
A5: =ROW() -> 5 | B5: <global_decl> | C5: ="=>" -> => | D5: <table_declaration> | E5: <global_decl>
A6: =ROW() -> 6 | B6: <global_decl> | C6: ="=>" -> => | D6: λ
A7: =ROW() -> 7 | B7: <ingredient_decl> | C7: ="=>" -> => | D7: <data_type> | E7: of | F7: <ingredient_id> | G7: ; | H7: <ingredient_decl>
A8: =ROW() -> 8 | B8: <ingredient_decl> | C8: ="=>" -> => | D8: λ
A9: =ROW() -> 9 | B9: <data_type> | C9: ="=>" -> => | D9: piece
A10: =ROW() -> 10 | B10: <data_type> | C10: ="=>" -> => | D10: sip
A11: =ROW() -> 11 | B11: <data_type> | C11: ="=>" -> => | D11: flag
A12: =ROW() -> 12 | B12: <data_type> | C12: ="=>" -> => | D12: chars
A13: =ROW() -> 13 | B13: <ingredient_id> | C13: ="=>" -> => | D13: id | E13: <ingredient_init> | F13: <ingredient_id_tail>
A14: =ROW() -> 14 | B14: <ingredient_init> | C14: ="=>" -> => | D14: ="=" -> = | E14: <expr>
A15: =ROW() -> 15 | B15: <ingredient_init> | C15: ="=>" -> => | D15: λ
A16: =ROW() -> 16 | B16: <ingredient_id_tail> | C16: ="=>" -> => | D16: , | E16: id | F16: <ingredient_init> | G16: <ingredient_id_tail>
A17: =ROW() -> 17 | B17: <ingredient_id_tail> | C17: ="=>" -> => | D17: λ
A18: =ROW() -> 18 | B18: <expr> | C18: ="=>" -> => | D18: <or_expr>
A19: =ROW() -> 19 | B19: <or_expr> | C19: => | D19: <and_expr> | E19: <or_tail>
A20: =ROW() -> 20 | B20: <and_expr> | C20: ="=>" -> => | D20: <eq_expr> | E20: <and_tail>
A21: =ROW() -> 21 | B21: <or_tail> | C21: ="=>" -> => | D21: or | E21: <and_expr> | F21: <or_tail>
A22: =ROW() -> 22 | B22: <or_tail> | C22: ="=>" -> => | D22: λ
A23: =ROW() -> 23 | B23: <eq_expr> | C23: ="=>" -> => | D23: <rel_expr> | E23: <eq_tail>
A24: =ROW() -> 24 | B24: <and_tail> | C24: ="=>" -> => | D24: and | E24: <eq_expr> | F24: <and_tail>
A25: =ROW() -> 25 | B25: <and_tail> | C25: ="=>" -> => | D25: λ
A26: =ROW() -> 26 | B26: <rel_expr> | C26: ="=>" -> => | D26: <add_expr> | E26: <rel_tail>
A27: =ROW() -> 27 | B27: <eq_tail> | C27: ="=>" -> => | D27: == | E27: <rel_expr> | F27: <eq_tail>
A28: =ROW() -> 28 | B28: <eq_tail> | C28: ="=>" -> => | D28: != | E28: <rel_expr> | F28: <eq_tail>
A29: =ROW() -> 29 | B29: <eq_tail> | C29: ="=>" -> => | D29: λ
A30: =ROW() -> 30 | B30: <add_expr> | C30: ="=>" -> => | D30: <mult_expr> | E30: <add_tail>
A31: =ROW() -> 31 | B31: <rel_tail> | C31: ="=>" -> => | D31: > | E31: <add_expr> | F31: <rel_tail>
A32: =ROW() -> 32 | B32: <rel_tail> | C32: ="=>" -> => | D32: < | E32: <add_expr> | F32: <rel_tail>
A33: =ROW() -> 33 | B33: <rel_tail> | C33: ="=>" -> => | D33: >= | E33: <add_expr> | F33: <rel_tail>
A34: =ROW() -> 34 | B34: <rel_tail> | C34: ="=>" -> => | D34: <= | E34: <add_expr> | F34: <rel_tail>
A35: =ROW() -> 35 | B35: <rel_tail> | C35: ="=>" -> => | D35: λ
A36: =ROW() -> 36 | B36: <mult_expr> | C36: ="=>" -> => | D36: <unary_expr> | E36: <mult_tail>
A37: =ROW() -> 37 | B37: <add_tail> | C37: ="=>" -> => | D37: + | E37: <mult_expr> | F37: <add_tail>
A38: =ROW() -> 38 | B38: <add_tail> | C38: ="=>" -> => | D38: - | E38: <mult_expr> | F38: <add_tail>
A39: =ROW() -> 39 | B39: <add_tail> | C39: ="=>" -> => | D39: λ
A40: =ROW() -> 40 | B40: <unary_expr> | C40: ="=>" -> => | D40: not | E40: <unary_expr>
A41: =ROW() -> 41 | B41: <unary_expr> | C41: ="=>" -> => | D41: <primary_val>
A42: =ROW() -> 42 | B42: <mult_tail> | C42: ="=>" -> => | D42: * | E42: <unary_expr> | F42: <mult_tail>
A43: =ROW() -> 43 | B43: <mult_tail> | C43: ="=>" -> => | D43: / | E43: <unary_expr> | F43: <mult_tail>
A44: =ROW() -> 44 | B44: <mult_tail> | C44: ="=>" -> => | D44: % | E44: <unary_expr> | F44: <mult_tail>
A45: =ROW() -> 45 | B45: <mult_tail> | C45: ="=>" -> => | D45: λ
A46: =ROW() -> 46 | B46: <primary_val> | C46: ="=>" -> => | D46: ( | E46: <expr> | F46: )
A47: =ROW() -> 47 | B47: <primary_val> | C47: ="=>" -> => | D47: piece_lit
A48: =ROW() -> 48 | B48: <primary_val> | C48: ="=>" -> => | D48: sip_lit
A49: =ROW() -> 49 | B49: <primary_val> | C49: ="=>" -> => | D49: flag_lit
A50: =ROW() -> 50 | B50: <primary_val> | C50: ="=>" -> => | D50: chars_lit
A51: =ROW() -> 51 | B51: <primary_val> | C51: ="=>" -> => | D51: id
A52: =ROW() -> 52 | B52: <primary_val> | C52: ="=>" -> => | D52: <table_accessing>
A53: =ROW() -> 53 | B53: <primary_val> | C53: ="=>" -> => | D53: <array_accessing>
A54: =ROW() -> 54 | B54: <primary_val> | C54: ="=>" -> => | D54: <recipe_call>
A55: =ROW() -> 55 | B55: <recipe_call> | C55: ="=>" -> => | D55: <built-in_rec> | E55: <call_tail>
A56: =ROW() -> 56 | B56: <recipe_call> | C56: ="=>" -> => | D56: id | E56: <call_tail>
A57: =ROW() -> 57 | B57: <built-in_rec> | C57: ="=>" -> => | D57: append
A58: =ROW() -> 58 | B58: <built-in_rec> | C58: ="=>" -> => | D58: bill
A59: =ROW() -> 59 | B59: <built-in_rec> | C59: ="=>" -> => | D59: copy
A60: =ROW() -> 60 | B60: <built-in_rec> | C60: ="=>" -> => | D60: cut
A61: =ROW() -> 61 | B61: <built-in_rec> | C61: ="=>" -> => | D61: fact
A62: =ROW() -> 62 | B62: <built-in_rec> | C62: ="=>" -> => | D62: matches
A63: =ROW() -> 63 | B63: <built-in_rec> | C63: ="=>" -> => | D63: pow
A64: =ROW() -> 64 | B64: <built-in_rec> | C64: ="=>" -> => | D64: rand
A65: =ROW() -> 65 | B65: <built-in_rec> | C65: ="=>" -> => | D65: remove
A66: =ROW() -> 66 | B66: <built-in_rec> | C66: ="=>" -> => | D66: reverse
A67: =ROW() -> 67 | B67: <built-in_rec> | C67: ="=>" -> => | D67: search
A68: =ROW() -> 68 | B68: <built-in_rec> | C68: ="=>" -> => | D68: size
... A74: =ROW() -> 74 | B74: <built-in_rec> | C74: ="=>" -> => | D74: tosip
A75: =ROW() -> 75 | B75: <call_tail> | C75: ="=>" -> => | D75: ( | E75: <flavor> | F75: )
A76: =ROW() -> 76 | B76: <flavor> | C76: ="=>" -> => | D76: <value> | E76: <flavor_tail>
A77: =ROW() -> 77 | B77: <flavor> | C77: ="=>" -> => | D77: λ
A78: =ROW() -> 78 | B78: <value> | C78: ="=>" -> => | D78: <expr>
A79: =ROW() -> 79 | B79: <value> | C79: ="=>" -> => | D79: <array_notation>
A80: =ROW() -> 80 | B80: <value> | C80: ="=>" -> => | D80: <table_notation>
A81: =ROW() -> 81 | B81: <flavor_tail> | C81: ="=>" -> => | D81: , | E81: <value> | F81: <flavor_tail>
A82: =ROW() -> 82 | B82: <flavor_tail> | C82: ="=>" -> => | D82: λ
A83: =ROW() -> 83 | B83: <array_declaration> | C83: ="=>" -> => | D83: <data_type> | E83: <dimensions> | F83: of | G83: <array_declare> | H83: ;
A84: =ROW() -> 84 | B84: <array_declaration> | C84: ="=>" -> => | D84: id | E84: <dimensions> | F84: of | G84: <array_declare> | H84: ;
A85: =ROW() -> 85 | B85: <dimensions> | C85: ="=>" -> => | D85: [ | E85: ] | F85: <dimensions_tail>
A86: =ROW() -> 86 | B86: <array_declare> | C86: ="=>" -> => | D86: id | E86: <array_initialization> | F86: <array_declare_tail>
A87: =ROW() -> 87 | B87: <array_initialization> | C87: ="=>" -> => | D87: ="=" -> = | E87: <array_value>
A88: =ROW() -> 88 | B88: <array_initialization> | C88: ="=>" -> => | D88: λ
A89: =ROW() -> 89 | B89: <array_declare_tail> | C89: ="=>" -> => | D89: , | E89: <array_declare>
A90: =ROW() -> 90 | B90: <array_declare_tail> | C90: ="=>" -> => | D90: λ
A91: =ROW() -> 91 | B91: <dimensions_tail> | C91: ="=>" -> => | D91: <dimensions>
A92: =ROW() -> 92 | B92: <dimensions_tail> | C92: ="=>" -> => | D92: λ
A93: =ROW() -> 93 | B93: <array_value> | C93: ="=>" -> => | D93: <array_notation>
A94: =ROW() -> 94 | B94: <array_value> | C94: ="=>" -> => | D94: id | E94: <accessor_tail>
A95: =ROW() -> 95 | B95: <array_value> | C95: ="=>" -> => | D95: <recipe_call>
A96: =ROW() -> 96 | B96: <array_notation> | C96: ="=>" -> => | D96: [ | E96: <elements_value> | F96: ]
A97: =ROW() -> 97 | B97: <accessor_tail> | C97: ="=>" -> => | D97: <array_accessor>
A98: =ROW() -> 98 | B98: <accessor_tail> | C98: ="=>" -> => | D98: : | E98: id
A99: =ROW() -> 99 | B99: <accessor_tail> | C99: ="=>" -> => | D99: λ
A100: =ROW() -> 100 | B100: <elements_value> | C100: ="=>" -> => | D100: <value> | E100: <element_value_tail>
A101: =ROW() -> 101 | B101: <elements_value> | C101: ="=>" -> => | D101: λ
A102: =ROW() -> 102 | B102: <element_value_tail> | C102: ="=>" -> => | D102: , | E102: <value> | F102: <element_value_tail>
A103: =ROW() -> 103 | B103: <element_value_tail> | C103: ="=>" -> => | D103: λ
A104: =ROW() -> 104 | B104: <array_accessing> | C104: ="=>" -> => | D104: <array_value> | E104: <array_accessor>
A105: =ROW() -> 105 | B105: <array_accessor> | C105: ="=>" -> => | D105: [ | E105: <expr> | F105: ] | G105: <array_accessor_tail>
...

Sheet CFG (Old)
A1: =ROW() -> 1 | B1: <program> | C1: ="=>" -> => | D1: <global_decl> | E1: <recipe_decl> | F1: start | G1: ( | H1: ) | I1: <platter>
A2: =ROW() -> 2 | B2: <global_decl> | C2: ="=>" -> => | D2: <decl_data_type> | E2: <global_decl>
A3: =ROW() -> 3 | B3: <global_decl> | C3: ="=>" -> => | D3: <table_prototype> | E3: <global_decl>
A4: =ROW() -> 4 | B4: <global_decl> | C4: ="=>" -> => | D4: id | E4: <table_decl> | F4: <global_decl>
A5: =ROW() -> 5 | B5: <global_decl> | C5: ="=>" -> => | D5: λ
A6: =ROW() -> 6 | B6: <decl_data_type> | C6: ="=>" -> => | D6: piece | E6: <decl_type>
A7: =ROW() -> 7 | B7: <decl_data_type> | C7: ="=>" -> => | D7: sip | E7: <decl_type>
A8: =ROW() -> 8 | B8: <decl_data_type> | C8: ="=>" -> => | D8: flag | E8: <decl_type>
A9: =ROW() -> 9 | B9: <decl_data_type> | C9: ="=>" -> => | D9: chars | E9: <decl_type>
A10: =ROW() -> 10 | B10: <decl_type> | C10: ="=>" -> => | D10: of | E10: <ingredient_id> | F10: ;
A11: =ROW() -> 11 | B11: <decl_type> | C11: ="=>" -> => | D11: <dimensions> | E11: of | F11: <array_declare> | G11: ;
A12: =ROW() -> 12 | B12: <ingredient_id> | C12: ="=>" -> => | D12: id | E12: <ingredient_init> | F12: <ingredient_id_tail>
A13: =ROW() -> 13 | B13: <ingredient_init> | C13: ="=>" -> => | D13: ="=" -> = | E13: <expr>
A14: =ROW() -> 14 | B14: <ingredient_init> | C14: ="=>" -> => | D14: λ
A15: =ROW() -> 15 | B15: <ingredient_id_tail> | C15: ="=>" -> => | D15: , | E15: id | F15: <ingredient_init> | G15: <ingredient_id_tail>
A16: =ROW() -> 16 | B16: <ingredient_id_tail> | C16: ="=>" -> => | D16: λ
A17: =ROW() -> 17 | B17: <expr> | C17: ="=>" -> => | D17: <or_expr>
A18: =ROW() -> 18 | B18: <or_expr> | C18: ="=>" -> => | D18: <and_expr> | E18: <or_tail>
A19: =ROW() -> 19 | B19: <and_expr> | C19: ="=>" -> => | D19: <eq_expr> | E19: <and_tail>
A20: =ROW() -> 20 | B20: <or_tail> | C20: ="=>" -> => | D20: or | E20: <and_expr> | F20: <or_tail>
A21: =ROW() -> 21 | B21: <or_tail> | C21: ="=>" -> => | D21: λ
A22: =ROW() -> 22 | B22: <eq_expr> | C22: ="=>" -> => | D22: <rel_expr> | E22: <eq_tail>
A23: =ROW() -> 23 | B23: <and_tail> | C23: ="=>" -> => | D23: and | E23: <eq_expr> | F23: <and_tail>
A24: =ROW() -> 24 | B24: <and_tail> | C24: ="=>" -> => | D24: λ
A25: =ROW() -> 25 | B25: <rel_expr> | C25: ="=>" -> => | D25: <add_expr> | E25: <rel_tail>
A26: =ROW() -> 26 | B26: <eq_tail> | C26: ="=>" -> => | D26: == | E26: <rel_expr> | F26: <eq_tail>
A27: =ROW() -> 27 | B27: <eq_tail> | C27: ="=>" -> => | D27: != | E27: <rel_expr> | F27: <eq_tail>
A28: =ROW() -> 28 | B28: <eq_tail> | C28: ="=>" -> => | D28: λ
A29: =ROW() -> 29 | B29: <add_expr> | C29: ="=>" -> => | D29: <mult_expr> | E29: <add_tail>
A30: =ROW() -> 30 | B30: <rel_tail> | C30: ="=>" -> => | D30: > | E30: <add_expr> | F30: <rel_tail>
A31: =ROW() -> 31 | B31: <rel_tail> | C31: ="=>" -> => | D31: < | E31: <add_expr> | F31: <rel_tail>
A32: =ROW() -> 32 | B32: <rel_tail> | C32: ="=>" -> => | D32: >= | E32: <add_expr> | F32: <rel_tail>
A33: =ROW() -> 33 | B33: <rel_tail> | C33: ="=>" -> => | D33: <= | E33: <add_expr> | F33: <rel_tail>
A34: =ROW() -> 34 | B34: <rel_tail> | C34: ="=>" -> => | D34: λ
A35: =ROW() -> 35 | B35: <mult_expr> | C35: ="=>" -> => | D35: <unary_expr> | E35: <mult_tail>
A36: =ROW() -> 36 | B36: <add_tail> | C36: ="=>" -> => | D36: + | E36: <mult_expr> | F36: <add_tail>
A37: =ROW() -> 37 | B37: <add_tail> | C37: ="=>" -> => | D37: - | E37: <mult_expr> | F37: <add_tail>
A38: =ROW() -> 38 | B38: <add_tail> | C38: ="=>" -> => | D38: λ
A39: =ROW() -> 39 | B39: <unary_expr> | C39: ="=>" -> => | D39: not | E39: <unary_expr>
A40: =ROW() -> 40 | B40: <unary_expr> | C40: ="=>" -> => | D40: <primary_val>
A41: =ROW() -> 41 | B41: <mult_tail> | C41: ="=>" -> => | D41: * | E41: <unary_expr> | F41: <mult_tail>
A42: =ROW() -> 42 | B42: <mult_tail> | C42: ="=>" -> => | D42: / | E42: <unary_expr> | F42: <mult_tail>
A43: =ROW() -> 43 | B43: <mult_tail> | C43: ="=>" -> => | D43: % | E43: <unary_expr> | F43: <mult_tail>
A44: =ROW() -> 44 | B44: <mult_tail> | C44: ="=>" -> => | D44: λ
A45: =ROW() -> 45 | B45: <primary_val> | C45: ="=>" -> => | D45: ( | E45: <expr> | F45: )
A46: =ROW() -> 46 | B46: <primary_val> | C46: ="=>" -> => | D46: piece_lit
A47: =ROW() -> 47 | B47: <primary_val> | C47: ="=>" -> => | D47: sip_lit
A48: =ROW() -> 48 | B48: <primary_val> | C48: ="=>" -> => | D48: flag_lit
A49: =ROW() -> 49 | B49: <primary_val> | C49: ="=>" -> => | D49: chars_lit
A50: =ROW() -> 50 | B50: <primary_val> | C50: ="=>" -> => | D50: id | E50: <id_tail>
A51: =ROW() -> 51 | B51: <primary_val> | C51: ="=>" -> => | D51: <built-in_rec_call>
A52: =ROW() -> 52 | B52: <id_tail> | C52: ="=>" -> => | D52: <call_tailopt> | E52: <accessor_tail>
A53: =ROW() -> 53 | B53: <call_tailopt> | C53: ="=>" -> => | D53: ( | E53: <flavor> | F53: )
A54: =ROW() -> 54 | B54: <call_tailopt> | C54: ="=>" -> => | D54: λ
A55: =ROW() -> 55 | B55: <accessor_tail> | C55: ="=>" -> => | D55: <array_accessor>
A56: =ROW() -> 56 | B56: <accessor_tail> | C56: ="=>" -> => | D56: <table_accessor>
A57: =ROW() -> 57 | B57: <accessor_tail> | C57: ="=>" -> => | D57: λ
A58: =ROW() -> 58 | B58: <array_accessor> | C58: ="=>" -> => | D58: [ | E58: <expr> | F58: ] | G58: <accessor_tail>
A59: =ROW() -> 59 | B59: <table_accessor> | C59: ="=>" -> => | D59: : | E59: id | F59: <accessor_tail>
A60: =ROW() -> 60 | B60: <flavor> | C60: ="=>" -> => | D60: <value> | E60: <flavor_tail>
A61: =ROW() -> 61 | B61: <flavor> | C61: ="=>" -> => | D61: λ
A62: =ROW() -> 62 | B62: <value> | C62: ="=>" -> => | D62: <expr>
A63: =ROW() -> 63 | B63: <value> | C63: ="=>" -> => | D63: [ | E63: <notation_val> | F63: ]
A64: =ROW() -> 64 | B64: <notation_val> | C64: ="=>" -> => | D64: <array_element>
A65: =ROW() -> 65 | B65: <notation_val> | C65: ="=>" -> => | D65: id | E65: <array_or_table>
A66: =ROW() -> 66 | B66: <notation_val> | C66: ="=>" -> => | D66: λ
A67: =ROW() -> 67 | B67: <array_element> | C67: ="=>" -> => | D67: piece_lit | E67: <element_value_tail>
A68: =ROW() -> 68 | B68: <array_element> | C68: ="=>" -> => | D68: sip_lit | E68: <element_value_tail>
A69: =ROW() -> 69 | B69: <array_element> | C69: ="=>" -> => | D69: flag_lit | E69: <element_value_tail>
A70: =ROW() -> 70 | B70: <array_element> | C70: ="=>" -> => | D70: chars_lit | E70: <element_value_tail>
A71: =ROW() -> 71 | B71: <array_element> | C71: ="=>" -> => | D71: [ | E71: <notation_val> | F71: ] | G71: <element_value_tail>
A72: =ROW() -> 72 | B72: <element_value_tail> | C72: ="=>" -> => | D72: , | E72: <array_element_id>
A73: =ROW() -> 73 | B73: <element_value_tail> | C73: ="=>" -> => | D73: λ
A74: =ROW() -> 74 | B74: <array_element_id> | C74: ="=>" -> => | D74: id | E74: <element_value_tail>
A75: =ROW() -> 75 | B75: <array_element_id> | C75: ="=>" -> => | D75: <array_element>
A76: =ROW() -> 76 | B76: <array_or_table> | C76: ="=>" -> => | D76: , | E76: <array_element_id>
A77: =ROW() -> 77 | B77: <array_or_table> | C77: ="=>" -> => | D77: ="=" -> = | E77: <value> | F77: ; | G77: <field_assignments>
A78: =ROW() -> 78 | B78: <array_or_table> | C78: ="=>" -> => | D78: λ
A79: =ROW() -> 79 | B79: <field_assignments> | C79: ="=>" -> => | D79: id | E79: ="=" -> = | F79: <value> | G79: ; | H79: <field_assignments>
A80: =ROW() -> 80 | B80: <field_assignments> | C80: ="=>" -> => | D80: λ
A81: =ROW() -> 81 | B81: <flavor_tail> | C81: ="=>" -> => | D81: , | E81: <value> | F81: <flavor_tail>
A82: =ROW() -> 82 | B82: <flavor_tail> | C82: ="=>" -> => | D82: λ
A83: =ROW() -> 83 | B83: <built-in_rec_call> | C83: ="=>" -> => | D83: <built-in_rec> | E83: <tail1>
A84: =ROW() -> 84 | B84: <built-in_rec> | C84: ="=>" -> => | D84: append
A85: =ROW() -> 85 | B85: <built-in_rec> | C85: ="=>" -> => | D85: bill
A86: =ROW() -> 86 | B86: <built-in_rec> | C86: ="=>" -> => | D86: copy
A87: =ROW() -> 87 | B87: <built-in_rec> | C87: ="=>" -> => | D87: cut
A88: =ROW() -> 88 | B88: <built-in_rec> | C88: ="=>" -> => | D88: fact
A89: =ROW() -> 89 | B89: <built-in_rec> | C89: ="=>" -> => | D89: matches
A90: =ROW() -> 90 | B90: <built-in_rec> | C90: ="=>" -> => | D90: pow
A91: =ROW() -> 91 | B91: <built-in_rec> | C91: ="=>" -> => | D91: rand
A92: =ROW() -> 92 | B92: <built-in_rec> | C92: ="=>" -> => | D92: remove
A93: =ROW() -> 93 | B93: <built-in_rec> | C93: ="=>" -> => | D93: reverse
A94: =ROW() -> 94 | B94: <built-in_rec> | C94: ="=>" -> => | D94: search
A95: =ROW() -> 95 | B95: <built-in_rec> | C95: ="=>" -> => | D95: size
... A101: =ROW() -> 101 | B101: <built-in_rec> | C101: ="=>" -> => | D101: tosip
A102: =ROW() -> 102 | B102: <tail1> | C102: ="=>" -> => | D102: <call_tail> | E102: <accessor_tail>
A103: =ROW() -> 103 | B103: <call_tail> | C103: ="=>" -> => | D103: ( | E103: <flavor> | F103: )
A104: =ROW() -> 104 | B104: <dimensions> | C104: ="=>" -> => | D104: [ | E104: ] | F104: <dimensions_tail>
A105: =ROW() -> 105 | B105: <dimensions_tail> | C105: ="=>" -> => | D105: <dimensions>
...

Sheet Raph - CFG
A1: =ROW() -> 1 | B1: <program> | C1: ="=>" -> => | D1: <global_decl> | E1: <recipe_decl> | F1: start | G1: ( | H1: ) | I1: <platter>
A2: =ROW() -> 2 | B2: <global_decl> | C2: ="=>" -> => | D2: piece | E2: <piece_decl> | F2: <global_decl>
A3: =ROW() -> 3 | B3: <global_decl> | C3: ="=>" -> => | D3: chars | E3: <chars_decl> | F3: <global_decl>
A4: =ROW() -> 4 | B4: <global_decl> | C4: ="=>" -> => | D4: sip | E4: <sip_decl> | F4: <global_decl>
A5: =ROW() -> 5 | B5: <global_decl> | C5: ="=>" -> => | D5: flag | E5: <flag_decl> | F5: <global_decl>
A6: =ROW() -> 6 | B6: <global_decl> | C6: ="=>" -> => | D6: <table_prototype> | E6: <global_decl>
A7: =ROW() -> 7 | B7: <global_decl> | C7: ="=>" -> => | D7: id | E7: <table_decl> | F7: <global_decl>
A8: =ROW() -> 8 | B8: <global_decl> | C8: ="=>" -> => | D8: λ
A9: =ROW() -> 9 | B9: <piece_decl> | C9: ="=>" -> => | D9: of | E9: <piece_id> | F9: ;
A10: =ROW() -> 10 | B10: <piece_decl> | C10: ="=>" -> => | D10: <decl_type>
A11: =ROW() -> 11 | B11: <piece_id> | C11: ="=>" -> => | D11: id | E11: <piece_ingredient_init> | F11: <piece_id_tail>
A12: =ROW() -> 12 | B12: <piece_ingredient_init> | C12: ="=>" -> => | D12: ="=" -> = | E12: <strict_piece_expr>
A13: =ROW() -> 13 | B13: <piece_ingredient_init> | C13: ="=>" -> => | D13: λ
A14: =ROW() -> 14 | B14: <piece_id_tail> | D14: , | E14: id | F14: <piece_ingredient_init> | G14: <piece_id_tail>
A15: =ROW() -> 15 | B15: <piece_id_tail> | D15: λ
A16: =ROW() -> 16 | B16: <chars_decl> | C16: ="=>" -> => | D16: of | E16: <chars_id> | F16: ;
A17: =ROW() -> 17 | B17: <chars_decl> | C17: ="=>" -> => | D17: <decl_type>
A18: =ROW() -> 18 | B18: <chars_id> | C18: ="=>" -> => | D18: id | E18: <chars_ingredient_init> | F18: <chars_id_tail>
A19: =ROW() -> 19 | B19: <chars_ingredient_init> | C19: ="=>" -> => | D19: ="=" -> = | E19: <strict_chars_expr>
A20: =ROW() -> 20 | B20: <chars_ingredient_init> | C20: ="=>" -> => | D20: λ
A21: =ROW() -> 21 | B21: <chars_id_tail> | D21: , | E21: id | F21: <chars_ingredient_init> | G21: <chars_id_tail>
A22: =ROW() -> 22 | B22: <chars_id_tail> | D22: λ
A23: =ROW() -> 23 | B23: <sip_decl> | C23: ="=>" -> => | D23: of | E23: <sip_id> | F23: ;
A24: =ROW() -> 24 | B24: <sip_decl> | C24: ="=>" -> => | D24: <decl_type>
A25: =ROW() -> 25 | B25: <sip_id> | C25: ="=>" -> => | D25: id | E25: <sip_ingredient_init> | F25: <sip_id_tail>
A26: =ROW() -> 26 | B26: <sip_ingredient_init> | C26: ="=>" -> => | D26: ="=" -> = | E26: <strict_sip_expr>
A27: =ROW() -> 27 | B27: <sip_ingredient_init> | C27: ="=>" -> => | D27: λ
A28: =ROW() -> 28 | B28: <sip_id_tail> | D28: , | E28: id | F28: <sip_ingredient_init> | G28: <sip_id_tail>
A29: =ROW() -> 29 | B29: <sip_id_tail> | D29: λ
A30: =ROW() -> 30 | B30: <flag_decl> | C30: ="=>" -> => | D30: of | E30: <flag_id> | F30: ;
A31: =ROW() -> 31 | B31: <flag_decl> | C31: ="=>" -> => | D31: <decl_type>
A32: =ROW() -> 32 | B32: <flag_id> | C32: ="=>" -> => | D32: id | E32: <flag_ingredient_init> | F32: <flag_id_tail>
A33: =ROW() -> 33 | B33: <flag_ingredient_init> | C33: ="=>" -> => | D33: ="=" -> = | E33: <strict_flag_expr>
A34: =ROW() -> 34 | B34: <flag_ingredient_init> | C34: ="=>" -> => | D34: λ
A35: =ROW() -> 35 | B35: <flag_id_tail> | D35: , | E35: id | F35: <flag_ingredient_init> | G35: <flag_id_tail>
A36: =ROW() -> 36 | B36: <flag_id_tail> | D36: λ
A37: =ROW() -> 37 | B37: <table_decl> | C37: ="=>" -> => | D37: of | E37: <table_declare> | F37: ;
A38: =ROW() -> 38 | B38: <table_decl> | C38: ="=>" -> => | D38: <decl_type>
A39: =ROW() -> 39 | B39: <decl_type> | C39: ="=>" -> => | D39: <dimensions> | E39: of | F39: <array_declare> | G39: ;
A40: =ROW() -> 40 | B40: <id_tail> | C40: ="=>" -> => | D40: <call_tailopt> | E40: <accessor_tail>
A41: =ROW() -> 41 | B41: <call_tailopt> | C41: ="=>" -> => | D41: ( | E41: <flavor> | F41: )
A42: =ROW() -> 42 | B42: <call_tailopt> | C42: ="=>" -> => | D42: λ
A43: =ROW() -> 43 | B43: <accessor_tail> | C43: ="=>" -> => | D43: <array_accessor>
A44: =ROW() -> 44 | B44: <accessor_tail> | C44: ="=>" -> => | D44: <table_accessor>
A45: =ROW() -> 45 | B45: <accessor_tail> | C45: ="=>" -> => | D45: λ
A46: =ROW() -> 46 | B46: <array_accessor> | C46: ="=>" -> => | D46: [ | E46: <strict_piece_expr> | F46: ] | G46: <accessor_tail>
A47: =ROW() -> 47 | B47: <table_accessor> | C47: ="=>" -> => | D47: : | E47: id | F47: <accessor_tail>
A48: =ROW() -> 48 | B48: <flavor> | C48: ="=>" -> => | D48: <value> | E48: <flavor_tail>
A49: =ROW() -> 49 | B49: <flavor> | C49: ="=>" -> => | D49: λ
A50: =ROW() -> 50 | B50: <notation_val> | C50: ="=>" -> => | D50: <array_element>
A51: =ROW() -> 51 | B51: <notation_val> | C51: ="=>" -> => | D51: id | E51: <array_or_table>
A52: =ROW() -> 52 | B52: <notation_val> | C52: ="=>" -> => | D52: λ
A53: =ROW() -> 53 | B53: <array_element> | C53: ="=>" -> => | D53: <ret_piece> | E53: <element_value_tail>
A54: =ROW() -> 54 | B54: <array_element> | C54: ="=>" -> => | D54: <ret_sip> | E54: <element_value_tail>
A55: =ROW() -> 55 | B55: <array_element> | C55: ="=>" -> => | D55: <ret_flag> | E55: <element_value_tail>
A56: =ROW() -> 56 | B56: <array_element> | C56: ="=>" -> => | D56: <ret_chars> | E56: <element_value_tail>
A57: =ROW() -> 57 | B57: <array_element> | C57: ="=>" -> => | D57: [ | E57: <notation_val> | F57: ] | G57: <element_value_tail>
A58: =ROW() -> 58 | B58: <element_value_tail> | C58: ="=>" -> => | D58: , | E58: <array_element_id>
A59: =ROW() -> 59 | B59: <element_value_tail> | C59: ="=>" -> => | D59: λ
A60: =ROW() -> 60 | B60: <array_element_id> | C60: ="=>" -> => | D60: id | E60: <element_value_tail>
A61: =ROW() -> 61 | B61: <array_element_id> | C61: ="=>" -> => | D61: <array_element>
A62: =ROW() -> 62 | B62: <array_or_table> | C62: ="=>" -> => | D62: , | E62: <array_element_id>
A63: =ROW() -> 63 | B63: <array_or_table> | C63: ="=>" -> => | D63: ="=" -> = | E63: <value> | F63: ; | G63: <field_assignments>
A64: =ROW() -> 64 | B64: <array_or_table> | C64: ="=>" -> => | D64: λ
A65: =ROW() -> 65 | B65: <field_assignments> | C65: ="=>" -> => | D65: id | E65: ="=" -> = | F65: <value> | G65: ; | H65: <field_assignments>
A66: =ROW() -> 66 | B66: <field_assignments> | C66: ="=>" -> => | D66: λ
A67: =ROW() -> 67 | B67: <flavor_tail> | C67: ="=>" -> => | D67: , | E67: <value> | F67: <flavor_tail>
A68: =ROW() -> 68 | B68: <flavor_tail> | C68: ="=>" -> => | D68: λ
A69: =ROW() -> 69 | B69: <built-in_rec_call> | C69: ="=>" -> => | D69: <built-in_rec> | E69: <accessor_tail>
A70: =ROW() -> 70 | B70: <built-in_rec> | C70: ="=>" -> => | D70: append | E70: ( | F70: <strict_array_expr> | G70: , | H70: <value> | I70: )
A71: =ROW() -> 71 | B71: <built-in_rec> | C71: ="=>" -> => | D71: bill | E71: ( | F71: <strict_chars_expr> | G71: )
A72: =ROW() -> 72 | B72: <built-in_rec> | C72: ="=>" -> => | D72: copy | E72: ( | F72: <strict_chars_expr> | G72: , | H72: <strict_piece_expr> | I72: , | J72: <strict_piece_expr> | K72: )
A73: =ROW() -> 73 | B73: <built-in_rec> | C73: ="=>" -> => | D73: cut | E73: ( | F73: <strict_piece_expr> | G73: , | H73: <strict_sip_expr> | I73: )
A74: =ROW() -> 74 | B74: <built-in_rec> | C74: ="=>" -> => | D74: fact | E74: ( | F74: <strict_piece_expr> | G74: )
A75: =ROW() -> 75 | B75: <built-in_rec> | C75: ="=>" -> => | D75: matches | E75: ( | F75: <strict_datas_expr> | G75: , | H75: <strict_datas_expr> | I75: )
A76: =ROW() -> 76 | B76: <built-in_rec> | C76: ="=>" -> => | D76: pow | E76: ( | F76: <strict_piece_expr> | G76: , | H76: <strict_piece_expr> | I76: )
A77: =ROW() -> 77 | B77: <built-in_rec> | C77: ="=>" -> => | D77: rand | E77: ( | F77: )
A78: =ROW() -> 78 | B78: <built-in_rec> | C78: ="=>" -> => | D78: remove | E78: ( | F78: <strict_array_expr> | G78: , | H78: <value> | I78: )
A79: =ROW() -> 79 | B79: <built-in_rec> | C79: ="=>" -> => | D79: reverse | E79: ( | F79: <strict_array_expr> | G79: )
A80: =ROW() -> 80 | B80: <built-in_rec> | C80: ="=>" -> => | D80: search | E80: ( | F80: <strict_array_expr> | G80: , | H80: <value> | I80: )
A81: =ROW() -> 81 | B81: <built-in_rec> | C81: ="=>" -> => | D81: size | E81: ( | F81: <strict_array_expr> | G81: )
A82: =ROW() -> 82 | B82: <built-in_rec> | C82: ="=>" -> => | D82: sort | E82: ( | F82: <strict_array_expr> | G82: )
A83: =ROW() -> 83 | B83: <built-in_rec> | C83: ="=>" -> => | D83: sqrt | E83: ( | F83: <strict_piece_expr> | G83: )
A84: =ROW() -> 84 | B84: <built-in_rec> | C84: ="=>" -> => | D84: take | E84: ( | F84: )
A85: =ROW() -> 85 | B85: <built-in_rec> | C85: ="=>" -> => | D85: tochars | E85: ( | F85: <any_expr> | G85: )
A86: =ROW() -> 86 | B86: <built-in_rec> | C86: ="=>" -> => | D86: topiece | E86: ( | F86: <any_expr> | G86: )
A87: =ROW() -> 87 | B87: <built-in_rec> | C87: ="=>" -> => | D87: tosip | E87: ( | F87: <any_expr> | G87: )
A88: =ROW() -> 88 | B88: <tail1> | C88: ="=>" -> => | D88: <call_tail> | E88: <accessor_tail>
A89: =ROW() -> 89 | B89: <call_tail> | C89: ="=>" -> => | D89: ( | E89: <flavor> | F89: )
A90: =ROW() -> 90 | B90: <dimensions> | C90: ="=>" -> => | D90: [ | E90: ] | F90: <dimensions_tail>
A91: =ROW() -> 91 | B91: <dimensions_tail> | C91: ="=>" -> => | D91: <dimensions>
A92: =ROW() -> 92 | B92: <dimensions_tail> | C92: ="=>" -> => | D92: λ
A93: =ROW() -> 93 | B93: <array_declare> | C93: ="=>" -> => | D93: id | E93: <array_init> | F93: <array_declare_tail>
A94: =ROW() -> 94 | B94: <array_init> | C94: ="=>" -> => | D94: ="=" -> = | E94: <strict_array_expr>
A95: =ROW() -> 95 | B95: <array_init> | C95: ="=>" -> => | D95: λ
A96: =ROW() -> 96 | B96: <array_declare_tail> | C96: ="=>" -> => | D96: , | E96: <array_declare>
A97: =ROW() -> 97 | B97: <array_declare_tail> | C97: ="=>" -> => | D97: λ
A98: =ROW() -> 98 | B98: <table_prototype> | C98: ="=>" -> => | D98: table | E98: of | F98: id | G98: ="=" -> = | H98: [ | I98: <required_decl> | J98: ] | K98: ;
A99: =ROW() -> 99 | B99: <required_decl> | C99: ="=>" -> => | D99: <decl_head> | E99: ; | F99: <required_decl_tail>
A100: =ROW() -> 100 | B100: <decl_head> | C100: ="=>" -> => | D100: <primitive_types_dims> | E100: of | F100: id
...

Sheet Copy of Raph - CFG
A1: =ROW() -> 1 | B1: <program> | C1: ="=>" -> => | D1: <global_decl> | E1: <recipe_decl> | F1: start | G1: ( | H1: ) | I1: <platter>
A2: =ROW() -> 2 | B2: <global_decl> | C2: ="=>" -> => | D2: piece | E2: <piece_decl> | F2: <global_decl>
A3: =ROW() -> 3 | B3: <global_decl> | C3: ="=>" -> => | D3: chars | E3: <chars_decl> | F3: <global_decl>
A4: =ROW() -> 4 | B4: <global_decl> | C4: ="=>" -> => | D4: sip | E4: <sip_decl> | F4: <global_decl>
A5: =ROW() -> 5 | B5: <global_decl> | C5: ="=>" -> => | D5: flag | E5: <flag_decl> | F5: <global_decl>
A6: =ROW() -> 6 | B6: <global_decl> | C6: ="=>" -> => | D6: <table_prototype> | E6: <global_decl>
A7: =ROW() -> 7 | B7: <global_decl> | C7: ="=>" -> => | D7: id | E7: <table_decl> | F7: <global_decl>
A8: =ROW() -> 8 | B8: <global_decl> | C8: ="=>" -> => | D8: λ
A9: =ROW() -> 9 | B9: <piece_decl> | C9: ="=>" -> => | D9: of | E9: <piece_id> | F9: ;
A10: =ROW() -> 10 | B10: <piece_decl> | C10: ="=>" -> => | D10: <decl_type>
A11: =ROW() -> 11 | B11: <piece_id> | C11: ="=>" -> => | D11: id | E11: <piece_ingredient_init> | F11: <piece_id_tail>
A12: =ROW() -> 12 | B12: <piece_ingredient_init> | C12: ="=>" -> => | D12: ="=" -> = | E12: <strict_piece_expr>
A13: =ROW() -> 13 | B13: <piece_ingredient_init> | C13: ="=>" -> => | D13: λ
A14: =ROW() -> 14 | B14: <strict_piece_expr> | C14: => | D14: <strict_piece_term> | E14: <strict_piece_add_tail>
A15: =ROW() -> 15 | B15: <strict_piece_term> | C15: => | D15: <strict_piece_factor> | E15: <strict_piece_mult_tail>
A16: =ROW() -> 16 | B16: <strict_piece_factor> | C16: => | D16: <ret_piece>
A17: =ROW() -> 17 | B17: <strict_piece_factor> | C17: => | D17: <id>
A18: =ROW() -> 18 | B18: <strict_piece_factor> | C18: => | D18: ( | E18: <strict_piece_expr> | F18: )
A19: =ROW() -> 19 | B19: <ret_piece> | C19: => | D19: topiece | E19: ( | F19: <any_expr> | G19: )
A20: =ROW() -> 20 | B20: <ret_piece> | C20: => | D20: size | E20: ( | F20: <strict_array_expr> | G20: )
A21: =ROW() -> 21 | B21: <ret_piece> | C21: => | D21: search | E21: ( | F21: <strict_array_expr> | G21: , | H21: <value> | I21: )
A22: =ROW() -> 22 | B22: <ret_piece> | C22: => | D22: fact | E22: ( | F22: <strict_piece_expr> | G22: )
A23: =ROW() -> 23 | B23: <ret_piece> | C23: => | D23: pow | E23: ( | F23: <strict_piece_expr> | G23: , | H23: <strict_piece_expr> | I23: )
A24: =ROW() -> 24 | B24: <ret_piece> | C24: => | D24: piece_lit
A25: =ROW() -> 25 | B25: <any_expr> | C25: => | D25: <ret_piece> | E25: <piece_mult_tail> | F25: <piece_add_tail> | G25: <piece_rel_gate>
A26: =ROW() -> 26 | B26: <any_expr> | C26: => | D26: <ret_sip> | E26: <sip_mult_tail> | F26: <sip_add_tail> | G26: <sip_rel_gate>
A27: =ROW() -> 27 | B27: <any_expr> | C27: => | D27: <ret_chars> | E27: <chars_add_tail> | F27: <chars_rel_gate>
A28: =ROW() -> 28 | B28: <any_expr> | C28: => | D28: <ret_flag> | E28: <flag_logic_tail>
A29: =ROW() -> 29 | B29: <any_expr> | C29: => | D29: <id> | E29: <univ_mult_tail> | F29: <univ_add_tail> | G29: <univ_rel_gate>
A30: =ROW() -> 30 | B30: <any_expr> | C30: => | D30: ( | E30: <paren_dispatch>
A31: =ROW() -> 31 | B31: <any_expr> | C31: => | D31: not | E31: <must_be_flag>
A32: =ROW() -> 32 | B32: <piece_mult_tail> | C32: => | D32: * | E32: <piece_factor> | F32: <piece_mult_tail>
A33: =ROW() -> 33 | B33: <piece_mult_tail> | C33: => | D33: / | E33: <piece_factor> | F33: <piece_mult_tail>
A34: =ROW() -> 34 | B34: <piece_mult_tail> | C34: => | D34: % | E34: <piece_factor> | F34: <piece_mult_tail>
A35: =ROW() -> 35 | B35: <piece_mult_tail> | C35: => | D35: λ
A36: =ROW() -> 36 | B36: <piece_factor> | C36: => | D36: <ret_piece>
A37: =ROW() -> 37 | B37: <piece_factor> | C37: => | D37: <id>
A38: =ROW() -> 38 | B38: <piece_factor> | C38: => | D38: ( | E38: <piece_inner_dispatch>
A39: =ROW() -> 39 | B39: <id> | C39: => | D39: id | E39: <id_tail>
A40: =ROW() -> 40 | B40: <id_tail> | C40: ="=>" -> => | D40: <call_tailopt> | E40: <accessor_tail>
A41: =ROW() -> 41 | B41: <call_tailopt> | C41: ="=>" -> => | D41: ( | E41: <flavor> | F41: )
A42: =ROW() -> 42 | B42: <call_tailopt> | C42: ="=>" -> => | D42: λ
A43: =ROW() -> 43 | B43: <flavor> | C43: ="=>" -> => | D43: <value> | E43: <flavor_tail>
A44: =ROW() -> 44 | B44: <flavor> | C44: ="=>" -> => | D44: λ
A45: =ROW() -> 45 | B45: <value> | C45: => | D45: [ | E45: <notation_val> | F45: ]
A46: =ROW() -> 46 | B46: <value> | C46: => | D46: <any_expr>
A47: =ROW() -> 47 | B47: <value> | C47: => | D47: <ret_array>
A48: =ROW() -> 48 | B48: <notation_val> | C48: ="=>" -> => | D48: <array_element>
A49: =ROW() -> 49 | B49: <notation_val> | C49: ="=>" -> => | D49: id | E49: <array_or_table>
A50: =ROW() -> 50 | B50: <notation_val> | C50: ="=>" -> => | D50: λ
A51: =ROW() -> 51 | B51: <array_element> | C51: ="=>" -> => | D51: <ret_piece> | E51: <element_value_tail>
A52: =ROW() -> 52 | B52: <array_element> | C52: ="=>" -> => | D52: <ret_sip> | E52: <element_value_tail>
A53: =ROW() -> 53 | B53: <array_element> | C53: ="=>" -> => | D53: <ret_flag> | E53: <element_value_tail>
A54: =ROW() -> 54 | B54: <array_element> | C54: ="=>" -> => | D54: <ret_chars> | E54: <element_value_tail>
A55: =ROW() -> 55 | B55: <array_element> | C55: ="=>" -> => | D55: [ | E55: <notation_val> | F55: ] | G55: <element_value_tail>
A56: =ROW() -> 56 | B56: <element_value_tail> | C56: ="=>" -> => | D56: , | E56: <array_element_id>
A57: =ROW() -> 57 | B57: <element_value_tail> | C57: ="=>" -> => | D57: λ
A58: =ROW() -> 58 | B58: <array_element_id> | C58: ="=>" -> => | D58: id | E58: <element_value_tail>
A59: =ROW() -> 59 | B59: <array_element_id> | C59: ="=>" -> => | D59: <array_element>
A60: =ROW() -> 60 | B60: <ret_sip> | C60: => | D60: sqrt | E60: ( | F60: <strict_piece_expr> | G60: )
A61: =ROW() -> 61 | B61: <ret_sip> | C61: => | D61: rand | E61: ( | F61: )
A62: =ROW() -> 62 | B62: <ret_sip> | C62: => | D62: tosip | E62: ( | F62: <any_expr> | G62: )
A63: =ROW() -> 63 | B63: <ret_sip> | C63: => | D63: sip_lit
A64: =ROW() -> 64 | B64: <ret_flag> | C64: => | D64: matches | E64: ( | F64: <strict_datas_expr> | G64: , | H64: <strict_datas_expr> | I64: )
A65: =ROW() -> 65 | B65: <ret_flag> | C65: => | D65: toflag | E65: ( | F65: <any_expr> | G65: )
A66: =ROW() -> 66 | B66: <ret_flag> | C66: => | D66: flag_lit
A67: =ROW() -> 67 | B67: <strict_datas_expr> | C67: => | D67: [ | E67: <notation_val> | F67: ]
A68: =ROW() -> 68 | B68: <strict_datas_expr> | C68: => | D68: <id>
A69: =ROW() -> 69 | B69: <strict_datas_expr> | C69: => | D69: <ret_array>
A70: =ROW() -> 70 | B70: <ret_array> | C70: => | D70: append | E70: ( | F70: <strict_array_expr> | G70: , | H70: <value> | I70: )
A71: =ROW() -> 71 | B71: <ret_array> | C71: => | D71: sort | E71: ( | F71: <strict_array_expr> | G71: )
A72: =ROW() -> 72 | B72: <ret_array> | C72: => | D72: reverse | E72: ( | F72: <strict_array_expr> | G72: )
A73: =ROW() -> 73 | B73: <ret_array> | C73: => | D73: remove | E73: ( | F73: <strict_array_expr> | G73: , | H73: <value> | I73: )
A74: =ROW() -> 74 | B74: <strict_array_expr> | C74: => | D74: [ | E74: <array_element_id> | F74: ]
A75: =ROW() -> 75 | B75: <strict_array_expr> | C75: => | D75: <id>
A76: =ROW() -> 76 | B76: <strict_array_expr> | D76: <ret_array>
A77: =ROW() -> 77 | B77: <ret_chars> | C77: => | D77: bill | E77: ( | F77: <strict_chars_expr> | G77: )
A78: =ROW() -> 78 | B78: <ret_chars> | C78: => | D78: take | E78: ( | F78: )
A79: =ROW() -> 79 | B79: <ret_chars> | C79: => | D79: copy | E79: ( | F79: <strict_chars_expr> | G79: , | H79: <strict_piece_expr> | I79: , | J79: <strict_piece_expr> | K79: )
A80: =ROW() -> 80 | B80: <ret_chars> | C80: => | D80: cut | E80: ( | F80: <strict_piece_expr> | G80: , | H80: <strict_sip_expr> | I80: )
A81: =ROW() -> 81 | B81: <ret_chars> | C81: => | D81: tochars | E81: ( | F81: <any_expr> | G81: )
A82: =ROW() -> 82 | B82: <ret_chars> | C82: => | D82: chars_lit
A83: =ROW() -> 83 | B83: <strict_chars_expr> | C83: => | D83: <strict_chars_factor> | E83: <strict_chars_add_tail>
A84: =ROW() -> 84 | B84: <strict_chars_factor> | C84: => | D84: <ret_chars>
A85: =ROW() -> 85 | B85: <strict_chars_factor> | C85: => | D85: <id>
A86: =ROW() -> 86 | B86: <strict_chars_factor> | C86: => | D86: ( | E86: <strict_chars_expr> | F86: )
A87: =ROW() -> 87 | B87: <strict_chars_add_tail> | C87: => | D87: + | E87: <strict_chars_factor> | F87: <strict_chars_add_tail>
A88: =ROW() -> 88 | B88: <strict_chars_add_tail> | C88: => | D88: λ
A89: =ROW() -> 89 | B89: <strict_sip_expr> | C89: => | D89: <strict_sip_term> | E89: <strict_sip_add_tail>
A90: =ROW() -> 90 | B90: <strict_sip_term> | C90: => | D90: <strict_sip_factor> | E90: <strict_sip_mult_tail>
A91: =ROW() -> 91 | B91: <strict_sip_factor> | C91: => | D91: <ret_sip>
A92: =ROW() -> 92 | B92: <strict_sip_factor> | C92: => | D92: <id>
A93: =ROW() -> 93 | B93: <strict_sip_factor> | C93: => | D93: ( | E93: <strict_sip_expr> | F93: )
A94: =ROW() -> 94 | B94: <strict_sip_mult_tail> | C94: => | D94: * | E94: <strict_sip_factor> | F94: <strict_sip_mult_tail>
A95: =ROW() -> 95 | B95: <strict_sip_mult_tail> | C95: => | D95: / | E95: <strict_sip_factor> | F95: <strict_sip_mult_tail>
A96: =ROW() -> 96 | B96: <strict_sip_mult_tail> | C96: => | D96: λ
A97: =ROW() -> 97 | B97: <strict_sip_add_tail> | C97: => | D97: + | E97: <strict_sip_term> | F97: <strict_sip_add_tail>
A98: =ROW() -> 98 | B98: <strict_sip_add_tail> | C98: => | D98: - | E98: <strict_sip_term> | F98: <strict_sip_add_tail>
A99: =ROW() -> 99 | B99: <strict_sip_add_tail> | C99: => | D99: λ
A100: =ROW() -> 100 | B100: <array_or_table> | C100: ="=>" -> => | D100: , | E100: <array_element_id>
...

Sheet Predict Set Macro (Old)
A1: =ROW() -> 1 | B1: =IF(CFG!D1 = "λ", ("First(λ - λ) ∪ Follow(" & CFG!B1 & ") ="), ("First(" & TEXTJOIN(" ", TRUE, CFG!D1:AB1) & ") =")) -> #REF! | C1: =IFERROR(__xludf.DUMMYFUNCTION("IF( REGEXMATCH($B1, ""^First\(λ - λ\) ∪ Follow\(""), ""Follow("" & REGEXEXTRACT($B1, ""Follow\(([^)]+)\)"") & "") ="", IF( OR( REGEXMATCH($B1, ""^First\([^<]""), REGEXMATCH($B1, ""^First\(<[^A-Za-z_]"") ), """", IF( "&" CFG!$D1=""λ"", ""Follow("" & CFG!$B1 & "") ="", ""First("" & CFG!$D1 & "") ="" ) ) ) "),"#REF!") -> #REF! | D1: =IFERROR(__xludf.DUMMYFUNCTION("IF( $C1="""", ""{ "" & IF( REGEXMATCH(B1, ""^First\(\)""), "")"", REGEXEXTRACT(B1, ""^First\(([^ )]+)"") ) & "" }"", IF( REGEXMATCH($C1, ""^First\(<""), VLOOKUP(REGEXEXTRACT($C1, ""\(([^)]+)\)""), 'First Set Macro"&"A'!B:D, 3, FALSE), IF( REGEXMATCH($C1, ""^Follow\(<""), VLOOKUP(REGEXEXTRACT($C1, ""\(([^)]+)\)""), 'Follow Set Macros'!B:D, 3, FALSE), ""{ "" & REGEXEXTRACT($C1, ""\(([^)]+)\)"") & "" }"" ) ) ) "),"#REF!") -> #REF!
A2: =ROW() -> 2 | B2: =IF(CFG!D2 = "λ", ("First(λ - λ) ∪ Follow(" & CFG!B2 & ") ="), ("First(" & TEXTJOIN(" ", TRUE, CFG!D2:AB2) & ") =")) -> #REF! | C2: =IFERROR(__xludf.DUMMYFUNCTION("IF( REGEXMATCH(B2, ""^First\(λ - λ\) ∪ Follow\(""), ""Follow("" & REGEXEXTRACT(B2, ""Follow\(([^)]+)\)"") & "") ="", IF( OR( REGEXMATCH(B2, ""^First\([^<]""), REGEXMATCH(B2, ""^First\(<[^A-Za-z_]"") ), """", IF( CFG"&"!D2=""λ"", ""Follow("" & CFG!B2 & "") ="", ""First("" & CFG!D2 & "") ="" ) ) ) "),"#REF!") -> #REF! | D2: =IFERROR(__xludf.DUMMYFUNCTION("IF( $C2="""", ""{ "" & IF( REGEXMATCH(B2, ""^First\(\)""), "")"", REGEXEXTRACT(B2, ""^First\(([^ )]+)"") ) & "" }"", IF( REGEXMATCH($C2, ""^First\(<""), VLOOKUP(REGEXEXTRACT($C2, ""\(([^)]+)\)""), 'First Set Macro"&"A'!B:D, 3, FALSE), IF( REGEXMATCH($C2, ""^Follow\(<""), VLOOKUP(REGEXEXTRACT($C2, ""\(([^)]+)\)""), 'Follow Set Macros'!B:D, 3, FALSE), ""{ "" & REGEXEXTRACT($C2, ""\(([^)]+)\)"") & "" }"" ) ) ) "),"#REF!") -> #REF!
A3: =ROW() -> 3 | B3: =IF(CFG!D3 = "λ", ("First(λ - λ) ∪ Follow(" & CFG!B3 & ") ="), ("First(" & TEXTJOIN(" ", TRUE, CFG!D3:AB3) & ") =")) -> #REF! | C3: =IFERROR(__xludf.DUMMYFUNCTION("IF( REGEXMATCH(B3, ""^First\(λ - λ\) ∪ Follow\(""), ""Follow("" & REGEXEXTRACT(B3, ""Follow\(([^)]+)\)"") & "") ="", IF( OR( REGEXMATCH(B3, ""^First\([^<]""), REGEXMATCH(B3, ""^First\(<[^A-Za-z_]"") ), """", IF( CFG"&"!D3=""λ"", ""Follow("" & CFG!B3 & "") ="", ""First("" & CFG!D3 & "") ="" ) ) ) "),"#REF!") -> #REF! | D3: =IFERROR(__xludf.DUMMYFUNCTION("IF( $C3="""", ""{ "" & IF( REGEXMATCH(B3, ""^First\(\)""), "")"", REGEXEXTRACT(B3, ""^First\(([^ )]+)"") ) & "" }"", IF( REGEXMATCH($C3, ""^First\(<""), VLOOKUP(REGEXEXTRACT($C3, ""\(([^)]+)\)""), 'First Set Macro"&"A'!B:D, 3, FALSE), IF( REGEXMATCH($C3, ""^Follow\(<""), VLOOKUP(REGEXEXTRACT($C3, ""\(([^)]+)\)""), 'Follow Set Macros'!B:D, 3, FALSE), ""{ "" & REGEXEXTRACT($C3, ""\(([^)]+)\)"") & "" }"" ) ) ) "),"#REF!") -> #REF!
A4: =ROW() -> 4 | B4: =IF(CFG!D4 = "λ", ("First(λ - λ) ∪ Follow(" & CFG!B4 & ") ="), ("First(" & TEXTJOIN(" ", TRUE, CFG!D4:AB4) & ") =")) -> #REF! | C4: =IFERROR(__xludf.DUMMYFUNCTION("IF( REGEXMATCH(B4, ""^First\(λ - λ\) ∪ Follow\(""), ""Follow("" & REGEXEXTRACT(B4, ""Follow\(([^)]+)\)"") & "") ="", IF( OR( REGEXMATCH(B4, ""^First\([^<]""), REGEXMATCH(B4, ""^First\(<[^A-Za-z_]"") ), """", IF( CFG"&"!D4=""λ"", ""Follow("" & CFG!B4 & "") ="", ""First("" & CFG!D4 & "") ="" ) ) ) "),"#REF!") -> #REF! | D4: =IFERROR(__xludf.DUMMYFUNCTION("IF( $C4="""", ""{ "" & IF( REGEXMATCH(B4, ""^First\(\)""), "")"", REGEXEXTRACT(B4, ""^First\(([^ )]+)"") ) & "" }"", IF( REGEXMATCH($C4, ""^First\(<""), VLOOKUP(REGEXEXTRACT($C4, ""\(([^)]+)\)""), 'First Set Macro"&"A'!B:D, 3, FALSE), IF( REGEXMATCH($C4, ""^Follow\(<""), VLOOKUP(REGEXEXTRACT($C4, ""\(([^)]+)\)""), 'Follow Set Macros'!B:D, 3, FALSE), ""{ "" & REGEXEXTRACT($C4, ""\(([^)]+)\)"") & "" }"" ) ) ) "),"#REF!") -> #REF!
A5: =ROW() -> 5 | B5: =IF(CFG!D5 = "λ", ("First(λ - λ) ∪ Follow(" & CFG!B5 & ") ="), ("First(" & TEXTJOIN(" ", TRUE, CFG!D5:AB5) & ") =")) -> #REF! | C5: =IFERROR(__xludf.DUMMYFUNCTION("IF( REGEXMATCH(B5, ""^First\(λ - λ\) ∪ Follow\(""), ""Follow("" & REGEXEXTRACT(B5, ""Follow\(([^)]+)\)"") & "") ="", IF( OR( REGEXMATCH(B5, ""^First\([^<]""), REGEXMATCH(B5, ""^First\(<[^A-Za-z_]"") ), """", IF( CFG"&"!D5=""λ"", ""Follow("" & CFG!B5 & "") ="", ""First("" & CFG!D5 & "") ="" ) ) ) "),"#REF!") -> #REF! | D5: =IFERROR(__xludf.DUMMYFUNCTION("IF( $C5="""", ""{ "" & IF( REGEXMATCH(B5, ""^First\(\)""), "")"", REGEXEXTRACT(B5, ""^First\(([^ )]+)"") ) & "" }"", IF( REGEXMATCH($C5, ""^First\(<""), VLOOKUP(REGEXEXTRACT($C5, ""\(([^)]+)\)""), 'First Set Macro"&"A'!B:D, 3, FALSE), IF( REGEXMATCH($C5, ""^Follow\(<""), VLOOKUP(REGEXEXTRACT($C5, ""\(([^)]+)\)""), 'Follow Set Macros'!B:D, 3, FALSE), ""{ "" & REGEXEXTRACT($C5, ""\(([^)]+)\)"") & "" }"" ) ) ) "),"#REF!") -> #REF!
A6: =ROW() -> 6 | B6: =IF(CFG!D6 = "λ", ("First(λ - λ) ∪ Follow(" & CFG!B6 & ") ="), ("First(" & TEXTJOIN(" ", TRUE, CFG!D6:AB6) & ") =")) -> #REF! | C6: =IFERROR(__xludf.DUMMYFUNCTION("IF( REGEXMATCH(B6, ""^First\(λ - λ\) ∪ Follow\(""), ""Follow("" & REGEXEXTRACT(B6, ""Follow\(([^)]+)\)"") & "") ="", IF( OR( REGEXMATCH(B6, ""^First\([^<]""), REGEXMATCH(B6, ""^First\(<[^A-Za-z_]"") ), """", IF( CFG"&"!D6=""λ"", ""Follow("" & CFG!B6 & "") ="", ""First("" & CFG!D6 & "") ="" ) ) ) "),"#REF!") -> #REF! | D6: =IFERROR(__xludf.DUMMYFUNCTION("IF( $C6="""", ""{ "" & IF( REGEXMATCH(B6, ""^First\(\)""), "")"", REGEXEXTRACT(B6, ""^First\(([^ )]+)"") ) & "" }"", IF( REGEXMATCH($C6, ""^First\(<""), VLOOKUP(REGEXEXTRACT($C6, ""\(([^)]+)\)""), 'First Set Macro"&"A'!B:D, 3, FALSE), IF( REGEXMATCH($C6, ""^Follow\(<""), VLOOKUP(REGEXEXTRACT($C6, ""\(([^)]+)\)""), 'Follow Set Macros'!B:D, 3, FALSE), ""{ "" & REGEXEXTRACT($C6, ""\(([^)]+)\)"") & "" }"" ) ) ) "),"#REF!") -> #REF!
A7: =ROW() -> 7 | B7: =IF(CFG!D7 = "λ", ("First(λ - λ) ∪ Follow(" & CFG!B7 & ") ="), ("First(" & TEXTJOIN(" ", TRUE, CFG!D7:AB7) & ") =")) -> #REF! | C7: =IFERROR(__xludf.DUMMYFUNCTION("IF( REGEXMATCH(B7, ""^First\(λ - λ\) ∪ Follow\(""), ""Follow("" & REGEXEXTRACT(B7, ""Follow\(([^)]+)\)"") & "") ="", IF( OR( REGEXMATCH(B7, ""^First\([^<]""), REGEXMATCH(B7, ""^First\(<[^A-Za-z_]"") ), """", IF( CFG"&"!D7=""λ"", ""Follow("" & CFG!B7 & "") ="", ""First("" & CFG!D7 & "") ="" ) ) ) "),"#REF!") -> #REF! | D7: =IFERROR(__xludf.DUMMYFUNCTION("IF( $C7="""", ""{ "" & IF( REGEXMATCH(B7, ""^First\(\)""), "")"", REGEXEXTRACT(B7, ""^First\(([^ )]+)"") ) & "" }"", IF( REGEXMATCH($C7, ""^First\(<""), VLOOKUP(REGEXEXTRACT($C7, ""\(([^)]+)\)""), 'First Set Macro"&"A'!B:D, 3, FALSE), IF( REGEXMATCH($C7, ""^Follow\(<""), VLOOKUP(REGEXEXTRACT($C7, ""\(([^)]+)\)""), 'Follow Set Macros'!B:D, 3, FALSE), ""{ "" & REGEXEXTRACT($C7, ""\(([^)]+)\)"") & "" }"" ) ) ) "),"#REF!") -> #REF!
A8: =ROW() -> 8 | B8: =IF(CFG!D8 = "λ", ("First(λ - λ) ∪ Follow(" & CFG!B8 & ") ="), ("First(" & TEXTJOIN(" ", TRUE, CFG!D8:AB8) & ") =")) -> #REF! | C8: =IFERROR(__xludf.DUMMYFUNCTION("IF( REGEXMATCH(B8, ""^First\(λ - λ\) ∪ Follow\(""), ""Follow("" & REGEXEXTRACT(B8, ""Follow\(([^)]+)\)"") & "") ="", IF( OR( REGEXMATCH(B8, ""^First\([^<]""), REGEXMATCH(B8, ""^First\(<[^A-Za-z_]"") ), """", IF( CFG"&"!D8=""λ"", ""Follow("" & CFG!B8 & "") ="", ""First("" & CFG!D8 & "") ="" ) ) ) "),"#REF!") -> #REF! | D8: =IFERROR(__xludf.DUMMYFUNCTION("IF( $C8="""", ""{ "" & IF( REGEXMATCH(B8, ""^First\(\)""), "")"", REGEXEXTRACT(B8, ""^First\(([^ )]+)"") ) & "" }"", IF( REGEXMATCH($C8, ""^First\(<""), VLOOKUP(REGEXEXTRACT($C8, ""\(([^)]+)\)""), 'First Set Macro"&"A'!B:D, 3, FALSE), IF( REGEXMATCH($C8, ""^Follow\(<""), VLOOKUP(REGEXEXTRACT($C8, ""\(([^)]+)\)""), 'Follow Set Macros'!B:D, 3, FALSE), ""{ "" & REGEXEXTRACT($C8, ""\(([^)]+)\)"") & "" }"" ) ) ) "),"#REF!") -> #REF!
A9: =ROW() -> 9 | B9: =IF(CFG!D9 = "λ", ("First(λ - λ) ∪ Follow(" & CFG!B9 & ") ="), ("First(" & TEXTJOIN(" ", TRUE, CFG!D9:AB9) & ") =")) -> #REF! | C9: =IFERROR(__xludf.DUMMYFUNCTION("IF( REGEXMATCH(B9, ""^First\(λ - λ\) ∪ Follow\(""), ""Follow("" & REGEXEXTRACT(B9, ""Follow\(([^)]+)\)"") & "") ="", IF( OR( REGEXMATCH(B9, ""^First\([^<]""), REGEXMATCH(B9, ""^First\(<[^A-Za-z_]"") ), """", IF( CFG"&"!D9=""λ"", ""Follow("" & CFG!B9 & "") ="", ""First("" & CFG!D9 & "") ="" ) ) ) "),"#REF!") -> #REF! | D9: =IFERROR(__xludf.DUMMYFUNCTION("IF( $C9="""", ""{ "" & IF( REGEXMATCH(B9, ""^First\(\)""), "")"", REGEXEXTRACT(B9, ""^First\(([^ )]+)"") ) & "" }"", IF( REGEXMATCH($C9, ""^First\(<""), VLOOKUP(REGEXEXTRACT($C9, ""\(([^)]+)\)""), 'First Set Macro"&"A'!B:D, 3, FALSE), IF( REGEXMATCH($C9, ""^Follow\(<""), VLOOKUP(REGEXEXTRACT($C9, ""\(([^)]+)\)""), 'Follow Set Macros'!B:D, 3, FALSE), ""{ "" & REGEXEXTRACT($C9, ""\(([^)]+)\)"") & "" }"" ) ) ) "),"#REF!") -> #REF!
A10: =ROW() -> 10 | B10: =IF(CFG!D10 = "λ", ("First(λ - λ) ∪ Follow(" & CFG!B10 & ") ="), ("First(" & TEXTJOIN(" ", TRUE, CFG!D10:AB10) & ") =")) -> #REF! | C10: =IFERROR(__xludf.DUMMYFUNCTION("IF( REGEXMATCH(B10, ""^First\(λ - λ\) ∪ Follow\(""), ""Follow("" & REGEXEXTRACT(B10, ""Follow\(([^)]+)\)"") & "") ="", IF( OR( REGEXMATCH(B10, ""^First\([^<]""), REGEXMATCH(B10, ""^First\(<[^A-Za-z_]"") ), """", IF( "&" CFG!D10=""λ"", ""Follow("" & CFG!B10 & "") ="", ""First("" & CFG!D10 & "") ="" ) ) ) "),"#REF!") -> #REF! | D10: =IFERROR(__xludf.DUMMYFUNCTION("IF( $C10="""", ""{ "" & IF( REGEXMATCH(B10, ""^First\(\)""), "")"", REGEXEXTRACT(B10, ""^First\(([^ )]+)"") ) & "" }"", IF( REGEXMATCH($C10, ""^First\(<""), VLOOKUP(REGEXEXTRACT($C10, ""\(([^)]+)\)""), 'First Set "&"MacroA'!B:D, 3, FALSE), IF( REGEXMATCH($C10, ""^Follow\(<""), VLOOKUP(REGEXEXTRACT($C10, ""\(([^)]+)\)""), 'Follow Set Macros'!B:D, 3, FALSE), ""{ "" & REGEXEXTRACT($C10, ""\(([^)]+)\)"") & "" }"" ) ) ) "),"#REF!") -> #REF!
A11: =ROW() -> 11 | B11: =IF(CFG!D11 = "λ", ("First(λ - λ) ∪ Follow(" & CFG!B11 & ") ="), ("First(" & TEXTJOIN(" ", TRUE, CFG!D11:AB11) & ") =")) -> #REF! | C11: =IFERROR(__xludf.DUMMYFUNCTION("IF( REGEXMATCH(B11, ""^First\(λ - λ\) ∪ Follow\(""), ""Follow("" & REGEXEXTRACT(B11, ""Follow\(([^)]+)\)"") & "") ="", IF( OR( REGEXMATCH(B11, ""^First\([^<]""), REGEXMATCH(B11, ""^First\(<[^A-Za-z_]"") ), """", IF( "&" CFG!D11=""λ"", ""Follow("" & CFG!B11 & "") ="", ""First("" & CFG!D11 & "") ="" ) ) ) "),"#REF!") -> #REF! | D11: =IFERROR(__xludf.DUMMYFUNCTION("IF( $C11="""", ""{ "" & IF( REGEXMATCH(B11, ""^First\(\)""), "")"", REGEXEXTRACT(B11, ""^First\(([^ )]+)"") ) & "" }"", IF( REGEXMATCH($C11, ""^First\(<""), VLOOKUP(REGEXEXTRACT($C11, ""\(([^)]+)\)""), 'First Set "&"MacroA'!B:D, 3, FALSE), IF( REGEXMATCH($C11, ""^Follow\(<""), VLOOKUP(REGEXEXTRACT($C11, ""\(([^)]+)\)""), 'Follow Set Macros'!B:D, 3, FALSE), ""{ "" & REGEXEXTRACT($C11, ""\(([^)]+)\)"") & "" }"" ) ) ) "),"#REF!") -> #REF!
A12: =ROW() -> 12 | B12: =IF(CFG!D12 = "λ", ("First(λ - λ) ∪ Follow(" & CFG!B12 & ") ="), ("First(" & TEXTJOIN(" ", TRUE, CFG!D12:AB12) & ") =")) -> #REF! | C12: =IFERROR(__xludf.DUMMYFUNCTION("IF( REGEXMATCH(B12, ""^First\(λ - λ\) ∪ Follow\(""), ""Follow("" & REGEXEXTRACT(B12, ""Follow\(([^)]+)\)"") & "") ="", IF( OR( REGEXMATCH(B12, ""^First\([^<]""), REGEXMATCH(B12, ""^First\(<[^A-Za-z_]"") ), """", IF( "&" CFG!D12=""λ"", ""Follow("" & CFG!B12 & "") ="", ""First("" & CFG!D12 & "") ="" ) ) ) "),"#REF!") -> #REF! | D12: =IFERROR(__xludf.DUMMYFUNCTION("IF( $C12="""", ""{ "" & IF( REGEXMATCH(B12, ""^First\(\)""), "")"", REGEXEXTRACT(B12, ""^First\(([^ )]+)"") ) & "" }"", IF( REGEXMATCH($C12, ""^First\(<""), VLOOKUP(REGEXEXTRACT($C12, ""\(([^)]+)\)""), 'First Set "&"MacroA'!B:D, 3, FALSE), IF( REGEXMATCH($C12, ""^Follow\(<""), VLOOKUP(REGEXEXTRACT($C12, ""\(([^)]+)\)""), 'Follow Set Macros'!B:D, 3, FALSE), ""{ "" & REGEXEXTRACT($C12, ""\(([^)]+)\)"") & "" }"" ) ) ) "),"#REF!") -> #REF!
A13: =ROW() -> 13 | B13: =IF(CFG!D13 = "λ", ("First(λ - λ) ∪ Follow(" & CFG!B13 & ") ="), ("First(" & TEXTJOIN(" ", TRUE, CFG!D13:AB13) & ") =")) -> #REF! | C13: =IFERROR(__xludf.DUMMYFUNCTION("IF( REGEXMATCH(B13, ""^First\(λ - λ\) ∪ Follow\(""), ""Follow("" & REGEXEXTRACT(B13, ""Follow\(([^)]+)\)"") & "") ="", IF( OR( REGEXMATCH(B13, ""^First\([^<]""), REGEXMATCH(B13, ""^First\(<[^A-Za-z_]"") ), """", IF( "&" CFG!D13=""λ"", ""Follow("" & CFG!B13 & "") ="", ""First("" & CFG!D13 & "") ="" ) ) ) "),"#REF!") -> #REF! | D13: =IFERROR(__xludf.DUMMYFUNCTION("IF( $C13="""", ""{ "" & IF( REGEXMATCH(B13, ""^First\(\)""), "")"", REGEXEXTRACT(B13, ""^First\(([^ )]+)"") ) & "" }"", IF( REGEXMATCH($C13, ""^First\(<""), VLOOKUP(REGEXEXTRACT($C13, ""\(([^)]+)\)""), 'First Set "&"MacroA'!B:D, 3, FALSE), IF( REGEXMATCH($C13, ""^Follow\(<""), VLOOKUP(REGEXEXTRACT($C13, ""\(([^)]+)\)""), 'Follow Set Macros'!B:D, 3, FALSE), ""{ "" & REGEXEXTRACT($C13, ""\(([^)]+)\)"") & "" }"" ) ) ) "),"#REF!") -> #REF!
A14: =ROW() -> 14 | B14: =IF(CFG!D14 = "λ", ("First(λ - λ) ∪ Follow(" & CFG!B14 & ") ="), ("First(" & TEXTJOIN(" ", TRUE, CFG!D14:AB14) & ") =")) -> #REF! | C14: =IFERROR(__xludf.DUMMYFUNCTION("IF( REGEXMATCH(B14, ""^First\(λ - λ\) ∪ Follow\(""), ""Follow("" & REGEXEXTRACT(B14, ""Follow\(([^)]+)\)"") & "") ="", IF( OR( REGEXMATCH(B14, ""^First\([^<]""), REGEXMATCH(B14, ""^First\(<[^A-Za-z_]"") ), """", IF( "&" CFG!D14=""λ"", ""Follow("" & CFG!B14 & "") ="", ""First("" & CFG!D14 & "") ="" ) ) ) "),"#REF!") -> #REF! | D14: =IFERROR(__xludf.DUMMYFUNCTION("IF( $C14="""", ""{ "" & IF( REGEXMATCH(B14, ""^First\(\)""), "")"", REGEXEXTRACT(B14, ""^First\(([^ )]+)"") ) & "" }"", IF( REGEXMATCH($C14, ""^First\(<""), VLOOKUP(REGEXEXTRACT($C14, ""\(([^)]+)\)""), 'First Set "&"MacroA'!B:D, 3, FALSE), IF( REGEXMATCH($C14, ""^Follow\(<""), VLOOKUP(REGEXEXTRACT($C14, ""\(([^)]+)\)""), 'Follow Set Macros'!B:D, 3, FALSE), ""{ "" & REGEXEXTRACT($C14, ""\(([^)]+)\)"") & "" }"" ) ) ) "),"#REF!") -> #REF!
A15: =ROW() -> 15 | B15: =IF(CFG!D15 = "λ", ("First(λ - λ) ∪ Follow(" & CFG!B15 & ") ="), ("First(" & TEXTJOIN(" ", TRUE, CFG!D15:AB15) & ") =")) -> #REF! | C15: =IFERROR(__xludf.DUMMYFUNCTION("IF( REGEXMATCH(B15, ""^First\(λ - λ\) ∪ Follow\(""), ""Follow("" & REGEXEXTRACT(B15, ""Follow\(([^)]+)\)"") & "") ="", IF( OR( REGEXMATCH(B15, ""^First\([^<]""), REGEXMATCH(B15, ""^First\(<[^A-Za-z_]"") ), """", IF( "&" CFG!D15=""λ"", ""Follow("" & CFG!B15 & "") ="", ""First("" & CFG!D15 & "") ="" ) ) ) "),"#REF!") -> #REF! | D15: =IFERROR(__xludf.DUMMYFUNCTION("IF( $C15="""", ""{ "" & IF( REGEXMATCH(B15, ""^First\(\)""), "")"", REGEXEXTRACT(B15, ""^First\(([^ )]+)"") ) & "" }"", IF( REGEXMATCH($C15, ""^First\(<""), VLOOKUP(REGEXEXTRACT($C15, ""\(([^)]+)\)""), 'First Set "&"MacroA'!B:D, 3, FALSE), IF( REGEXMATCH($C15, ""^Follow\(<""), VLOOKUP(REGEXEXTRACT($C15, ""\(([^)]+)\)""), 'Follow Set Macros'!B:D, 3, FALSE), ""{ "" & REGEXEXTRACT($C15, ""\(([^)]+)\)"") & "" }"" ) ) ) "),"#REF!") -> #REF!
A16: =ROW() -> 16 | B16: =IF(CFG!D16 = "λ", ("First(λ - λ) ∪ Follow(" & CFG!B16 & ") ="), ("First(" & TEXTJOIN(" ", TRUE, CFG!D16:AB16) & ") =")) -> #REF! | C16: =IFERROR(__xludf.DUMMYFUNCTION("IF( REGEXMATCH(B16, ""^First\(λ - λ\) ∪ Follow\(""), ""Follow("" & REGEXEXTRACT(B16, ""Follow\(([^)]+)\)"") & "") ="", IF( OR( REGEXMATCH(B16, ""^First\([^<]""), REGEXMATCH(B16, ""^First\(<[^A-Za-z_]"") ), """", IF( "&" CFG!D16=""λ"", ""Follow("" & CFG!B16 & "") ="", ""First("" & CFG!D16 & "") ="" ) ) ) "),"#REF!") -> #REF! | D16: =IFERROR(__xludf.DUMMYFUNCTION("IF( $C16="""", ""{ "" & IF( REGEXMATCH(B16, ""^First\(\)""), "")"", REGEXEXTRACT(B16, ""^First\(([^ )]+)"") ) & "" }"", IF( REGEXMATCH($C16, ""^First\(<""), VLOOKUP(REGEXEXTRACT($C16, ""\(([^)]+)\)""), 'First Set "&"MacroA'!B:D, 3, FALSE), IF( REGEXMATCH($C16, ""^Follow\(<""), VLOOKUP(REGEXEXTRACT($C16, ""\(([^)]+)\)""), 'Follow Set Macros'!B:D, 3, FALSE), ""{ "" & REGEXEXTRACT($C16, ""\(([^)]+)\)"") & "" }"" ) ) ) "),"#REF!") -> #REF!
A17: =ROW() -> 17 | B17: =IF(CFG!D17 = "λ", ("First(λ - λ) ∪ Follow(" & CFG!B17 & ") ="), ("First(" & TEXTJOIN(" ", TRUE, CFG!D17:AB17) & ") =")) -> #REF! | C17: =IFERROR(__xludf.DUMMYFUNCTION("IF( REGEXMATCH(B17, ""^First\(λ - λ\) ∪ Follow\(""), ""Follow("" & REGEXEXTRACT(B17, ""Follow\(([^)]+)\)"") & "") ="", IF( OR( REGEXMATCH(B17, ""^First\([^<]""), REGEXMATCH(B17, ""^First\(<[^A-Za-z_]"") ), """", IF( "&" CFG!D17=""λ"", ""Follow("" & CFG!B17 & "") ="", ""First("" & CFG!D17 & "") ="" ) ) ) "),"#REF!") -> #REF! | D17: =IFERROR(__xludf.DUMMYFUNCTION("IF( $C17="""", ""{ "" & IF( REGEXMATCH(B17, ""^First\(\)""), "")"", REGEXEXTRACT(B17, ""^First\(([^ )]+)"") ) & "" }"", IF( REGEXMATCH($C17, ""^First\(<""), VLOOKUP(REGEXEXTRACT($C17, ""\(([^)]+)\)""), 'First Set "&"MacroA'!B:D, 3, FALSE), IF( REGEXMATCH($C17, ""^Follow\(<""), VLOOKUP(REGEXEXTRACT($C17, ""\(([^)]+)\)""), 'Follow Set Macros'!B:D, 3, FALSE), ""{ "" & REGEXEXTRACT($C17, ""\(([^)]+)\)"") & "" }"" ) ) ) "),"#REF!") -> #REF!
A18: =ROW() -> 18 | B18: =IF(CFG!D18 = "λ", ("First(λ - λ) ∪ Follow(" & CFG!B18 & ") ="), ("First(" & TEXTJOIN(" ", TRUE, CFG!D18:AB18) & ") =")) -> #REF! | C18: =IFERROR(__xludf.DUMMYFUNCTION("IF( REGEXMATCH(B18, ""^First\(λ - λ\) ∪ Follow\(""), ""Follow("" & REGEXEXTRACT(B18, ""Follow\(([^)]+)\)"") & "") ="", IF( OR( REGEXMATCH(B18, ""^First\([^<]""), REGEXMATCH(B18, ""^First\(<[^A-Za-z_]"") ), """", IF( "&" CFG!D18=""λ"", ""Follow("" & CFG!B18 & "") ="", ""First("" & CFG!D18 & "") ="" ) ) ) "),"#REF!") -> #REF! | D18: =IFERROR(__xludf.DUMMYFUNCTION("IF( $C18="""", ""{ "" & IF( REGEXMATCH(B18, ""^First\(\)""), "")"", REGEXEXTRACT(B18, ""^First\(([^ )]+)"") ) & "" }"", IF( REGEXMATCH($C18, ""^First\(<""), VLOOKUP(REGEXEXTRACT($C18, ""\(([^)]+)\)""), 'First Set "&"MacroA'!B:D, 3, FALSE), IF( REGEXMATCH($C18, ""^Follow\(<""), VLOOKUP(REGEXEXTRACT($C18, ""\(([^)]+)\)""), 'Follow Set Macros'!B:D, 3, FALSE), ""{ "" & REGEXEXTRACT($C18, ""\(([^)]+)\)"") & "" }"" ) ) ) "),"#REF!") -> #REF!
A19: =ROW() -> 19 | B19: =IF(CFG!D19 = "λ", ("First(λ - λ) ∪ Follow(" & CFG!B19 & ") ="), ("First(" & TEXTJOIN(" ", TRUE, CFG!D19:AB19) & ") =")) -> #REF! | C19: =IFERROR(__xludf.DUMMYFUNCTION("IF( REGEXMATCH(B19, ""^First\(λ - λ\) ∪ Follow\(""), ""Follow("" & REGEXEXTRACT(B19, ""Follow\(([^)]+)\)"") & "") ="", IF( OR( REGEXMATCH(B19, ""^First\([^<]""), REGEXMATCH(B19, ""^First\(<[^A-Za-z_]"") ), """", IF( "&" CFG!D19=""λ"", ""Follow("" & CFG!B19 & "") ="", ""First("" & CFG!D19 & "") ="" ) ) ) "),"#REF!") -> #REF! | D19: =IFERROR(__xludf.DUMMYFUNCTION("IF( $C19="""", ""{ "" & IF( REGEXMATCH(B19, ""^First\(\)""), "")"", REGEXEXTRACT(B19, ""^First\(([^ )]+)"") ) & "" }"", IF( REGEXMATCH($C19, ""^First\(<""), VLOOKUP(REGEXEXTRACT($C19, ""\(([^)]+)\)""), 'First Set "&"MacroA'!B:D, 3, FALSE), IF( REGEXMATCH($C19, ""^Follow\(<""), VLOOKUP(REGEXEXTRACT($C19, ""\(([^)]+)\)""), 'Follow Set Macros'!B:D, 3, FALSE), ""{ "" & REGEXEXTRACT($C19, ""\(([^)]+)\)"") & "" }"" ) ) ) "),"#REF!") -> #REF!
A20: =ROW() -> 20 | B20: =IF(CFG!D20 = "λ", ("First(λ - λ) ∪ Follow(" & CFG!B20 & ") ="), ("First(" & TEXTJOIN(" ", TRUE, CFG!D20:AB20) & ") =")) -> #REF! | C20: =IFERROR(__xludf.DUMMYFUNCTION("IF( REGEXMATCH(B20, ""^First\(λ - λ\) ∪ Follow\(""), ""Follow("" & REGEXEXTRACT(B20, ""Follow\(([^)]+)\)"") & "") ="", IF( OR( REGEXMATCH(B20, ""^First\([^<]""), REGEXMATCH(B20, ""^First\(<[^A-Za-z_]"") ), """", IF( "&" CFG!D20=""λ"", ""Follow("" & CFG!B20 & "") ="", ""First("" & CFG!D20 & "") ="" ) ) ) "),"#REF!") -> #REF! | D20: =IFERROR(__xludf.DUMMYFUNCTION("IF( $C20="""", ""{ "" & IF( REGEXMATCH(B20, ""^First\(\)""), "")"", REGEXEXTRACT(B20, ""^First\(([^ )]+)"") ) & "" }"", IF( REGEXMATCH($C20, ""^First\(<""), VLOOKUP(REGEXEXTRACT($C20, ""\(([^)]+)\)""), 'First Set "&"MacroA'!B:D, 3, FALSE), IF( REGEXMATCH($C20, ""^Follow\(<""), VLOOKUP(REGEXEXTRACT($C20, ""\(([^)]+)\)""), 'Follow Set Macros'!B:D, 3, FALSE), ""{ "" & REGEXEXTRACT($C20, ""\(([^)]+)\)"") & "" }"" ) ) ) "),"#REF!") -> #REF!
A21: =ROW() -> 21 | B21: =IF(CFG!D21 = "λ", ("First(λ - λ) ∪ Follow(" & CFG!B21 & ") ="), ("First(" & TEXTJOIN(" ", TRUE, CFG!D21:AB21) & ") =")) -> #REF! | C21: =IFERROR(__xludf.DUMMYFUNCTION("IF( REGEXMATCH(B21, ""^First\(λ - λ\) ∪ Follow\(""), ""Follow("" & REGEXEXTRACT(B21, ""Follow\(([^)]+)\)"") & "") ="", IF( OR( REGEXMATCH(B21, ""^First\([^<]""), REGEXMATCH(B21, ""^First\(<[^A-Za-z_]"") ), """", IF( "&" CFG!D21=""λ"", ""Follow("" & CFG!B21 & "") ="", ""First("" & CFG!D21 & "") ="" ) ) ) "),"#REF!") -> #REF! | D21: =IFERROR(__xludf.DUMMYFUNCTION("IF( $C21="""", ""{ "" & IF( REGEXMATCH(B21, ""^First\(\)""), "")"", REGEXEXTRACT(B21, ""^First\(([^ )]+)"") ) & "" }"", IF( REGEXMATCH($C21, ""^First\(<""), VLOOKUP(REGEXEXTRACT($C21, ""\(([^)]+)\)""), 'First Set "&"MacroA'!B:D, 3, FALSE), IF( REGEXMATCH($C21, ""^Follow\(<""), VLOOKUP(REGEXEXTRACT($C21, ""\(([^)]+)\)""), 'Follow Set Macros'!B:D, 3, FALSE), ""{ "" & REGEXEXTRACT($C21, ""\(([^)]+)\)"") & "" }"" ) ) ) "),"#REF!") -> #REF!
A22: =ROW() -> 22 | B22: =IF(CFG!D22 = "λ", ("First(λ - λ) ∪ Follow(" & CFG!B22 & ") ="), ("First(" & TEXTJOIN(" ", TRUE, CFG!D22:AB22) & ") =")) -> #REF! | C22: =IFERROR(__xludf.DUMMYFUNCTION("IF( REGEXMATCH(B22, ""^First\(λ - λ\) ∪ Follow\(""), ""Follow("" & REGEXEXTRACT(B22, ""Follow\(([^)]+)\)"") & "") ="", IF( OR( REGEXMATCH(B22, ""^First\([^<]""), REGEXMATCH(B22, ""^First\(<[^A-Za-z_]"") ), """", IF( "&" CFG!D22=""λ"", ""Follow("" & CFG!B22 & "") ="", ""First("" & CFG!D22 & "") ="" ) ) ) "),"#REF!") -> #REF! | D22: =IFERROR(__xludf.DUMMYFUNCTION("IF( $C22="""", ""{ "" & IF( REGEXMATCH(B22, ""^First\(\)""), "")"", REGEXEXTRACT(B22, ""^First\(([^ )]+)"") ) & "" }"", IF( REGEXMATCH($C22, ""^First\(<""), VLOOKUP(REGEXEXTRACT($C22, ""\(([^)]+)\)""), 'First Set "&"MacroA'!B:D, 3, FALSE), IF( REGEXMATCH($C22, ""^Follow\(<""), VLOOKUP(REGEXEXTRACT($C22, ""\(([^)]+)\)""), 'Follow Set Macros'!B:D, 3, FALSE), ""{ "" & REGEXEXTRACT($C22, ""\(([^)]+)\)"") & "" }"" ) ) ) "),"#REF!") -> #REF!
A23: =ROW() -> 23 | B23: =IF(CFG!D23 = "λ", ("First(λ - λ) ∪ Follow(" & CFG!B23 & ") ="), ("First(" & TEXTJOIN(" ", TRUE, CFG!D23:AB23) & ") =")) -> #REF! | C23: =IFERROR(__xludf.DUMMYFUNCTION("IF( REGEXMATCH(B23, ""^First\(λ - λ\) ∪ Follow\(""), ""Follow("" & REGEXEXTRACT(B23, ""Follow\(([^)]+)\)"") & "") ="", IF( OR( REGEXMATCH(B23, ""^First\([^<]""), REGEXMATCH(B23, ""^First\(<[^A-Za-z_]"") ), """", IF( "&" CFG!D23=""λ"", ""Follow("" & CFG!B23 & "") ="", ""First("" & CFG!D23 & "") ="" ) ) ) "),"#REF!") -> #REF! | D23: =IFERROR(__xludf.DUMMYFUNCTION("IF( $C23="""", ""{ "" & IF( REGEXMATCH(B23, ""^First\(\)""), "")"", REGEXEXTRACT(B23, ""^First\(([^ )]+)"") ) & "" }"", IF( REGEXMATCH($C23, ""^First\(<""), VLOOKUP(REGEXEXTRACT($C23, ""\(([^)]+)\)""), 'First Set "&"MacroA'!B:D, 3, FALSE), IF( REGEXMATCH($C23, ""^Follow\(<""), VLOOKUP(REGEXEXTRACT($C23, ""\(([^)]+)\)""), 'Follow Set Macros'!B:D, 3, FALSE), ""{ "" & REGEXEXTRACT($C23, ""\(([^)]+)\)"") & "" }"" ) ) ) "),"#REF!") -> #REF!
A24: =ROW() -> 24 | B24: =IF(CFG!D24 = "λ", ("First(λ - λ) ∪ Follow(" & CFG!B24 & ") ="), ("First(" & TEXTJOIN(" ", TRUE, CFG!D24:AB24) & ") =")) -> #REF! | C24: =IFERROR(__xludf.DUMMYFUNCTION("IF( REGEXMATCH(B24, ""^First\(λ - λ\) ∪ Follow\(""), ""Follow("" & REGEXEXTRACT(B24, ""Follow\(([^)]+)\)"") & "") ="", IF( OR( REGEXMATCH(B24, ""^First\([^<]""), REGEXMATCH(B24, ""^First\(<[^A-Za-z_]"") ), """", IF( "&" CFG!D24=""λ"", ""Follow("" & CFG!B24 & "") ="", ""First("" & CFG!D24 & "") ="" ) ) ) "),"#REF!") -> #REF! | D24: =IFERROR(__xludf.DUMMYFUNCTION("IF( $C24="""", ""{ "" & IF( REGEXMATCH(B24, ""^First\(\)""), "")"", REGEXEXTRACT(B24, ""^First\(([^ )]+)"") ) & "" }"", IF( REGEXMATCH($C24, ""^First\(<""), VLOOKUP(REGEXEXTRACT($C24, ""\(([^)]+)\)""), 'First Set "&"MacroA'!B:D, 3, FALSE), IF( REGEXMATCH($C24, ""^Follow\(<""), VLOOKUP(REGEXEXTRACT($C24, ""\(([^)]+)\)""), 'Follow Set Macros'!B:D, 3, FALSE), ""{ "" & REGEXEXTRACT($C24, ""\(([^)]+)\)"") & "" }"" ) ) ) "),"#REF!") -> #REF!
A25: =ROW() -> 25 | B25: =IF(CFG!D25 = "λ", ("First(λ - λ) ∪ Follow(" & CFG!B25 & ") ="), ("First(" & TEXTJOIN(" ", TRUE, CFG!D25:AB25) & ") =")) -> #REF! | C25: =IFERROR(__xludf.DUMMYFUNCTION("IF( REGEXMATCH(B25, ""^First\(λ - λ\) ∪ Follow\(""), ""Follow("" & REGEXEXTRACT(B25, ""Follow\(([^)]+)\)"") & "") ="", IF( OR( REGEXMATCH(B25, ""^First\([^<]""), REGEXMATCH(B25, ""^First\(<[^A-Za-z_]"") ), """", IF( "&" CFG!D25=""λ"", ""Follow("" & CFG!B25 & "") ="", ""First("" & CFG!D25 & "") ="" ) ) ) "),"#REF!") -> #REF! | D25: =IFERROR(__xludf.DUMMYFUNCTION("IF( $C25="""", ""{ "" & IF( REGEXMATCH(B25, ""^First\(\)""), "")"", REGEXEXTRACT(B25, ""^First\(([^ )]+)"") ) & "" }"", IF( REGEXMATCH($C25, ""^First\(<""), VLOOKUP(REGEXEXTRACT($C25, ""\(([^)]+)\)""), 'First Set "&"MacroA'!B:D, 3, FALSE), IF( REGEXMATCH($C25, ""^Follow\(<""), VLOOKUP(REGEXEXTRACT($C25, ""\(([^)]+)\)""), 'Follow Set Macros'!B:D, 3, FALSE), ""{ "" & REGEXEXTRACT($C25, ""\(([^)]+)\)"") & "" }"" ) ) ) "),"#REF!") -> #REF!
A26: =ROW() -> 26 | B26: =IF(CFG!D26 = "λ", ("First(λ - λ) ∪ Follow(" & CFG!B26 & ") ="), ("First(" & TEXTJOIN(" ", TRUE, CFG!D26:AB26) & ") =")) -> #REF! | C26: =IFERROR(__xludf.DUMMYFUNCTION("IF( REGEXMATCH(B26, ""^First\(λ - λ\) ∪ Follow\(""), ""Follow("" & REGEXEXTRACT(B26, ""Follow\(([^)]+)\)"") & "") ="", IF( OR( REGEXMATCH(B26, ""^First\([^<]""), REGEXMATCH(B26, ""^First\(<[^A-Za-z_]"") ), """", IF( "&" CFG!D26=""λ"", ""Follow("" & CFG!B26 & "") ="", ""First("" & CFG!D26 & "") ="" ) ) ) "),"#REF!") -> #REF! | D26: =IFERROR(__xludf.DUMMYFUNCTION("IF( $C26="""", ""{ "" & IF( REGEXMATCH(B26, ""^First\(\)""), "")"", REGEXEXTRACT(B26, ""^First\(([^ )]+)"") ) & "" }"", IF( REGEXMATCH($C26, ""^First\(<""), VLOOKUP(REGEXEXTRACT($C26, ""\(([^)]+)\)""), 'First Set "&"MacroA'!B:D, 3, FALSE), IF( REGEXMATCH($C26, ""^Follow\(<""), VLOOKUP(REGEXEXTRACT($C26, ""\(([^)]+)\)""), 'Follow Set Macros'!B:D, 3, FALSE), ""{ "" & REGEXEXTRACT($C26, ""\(([^)]+)\)"") & "" }"" ) ) ) "),"#REF!") -> #REF!
A27: =ROW() -> 27 | B27: =IF(CFG!D27 = "λ", ("First(λ - λ) ∪ Follow(" & CFG!B27 & ") ="), ("First(" & TEXTJOIN(" ", TRUE, CFG!D27:AB27) & ") =")) -> #REF! | C27: =IFERROR(__xludf.DUMMYFUNCTION("IF( REGEXMATCH(B27, ""^First\(λ - λ\) ∪ Follow\(""), ""Follow("" & REGEXEXTRACT(B27, ""Follow\(([^)]+)\)"") & "") ="", IF( OR( REGEXMATCH(B27, ""^First\([^<]""), REGEXMATCH(B27, ""^First\(<[^A-Za-z_]"") ), """", IF( "&" CFG!D27=""λ"", ""Follow("" & CFG!B27 & "") ="", ""First("" & CFG!D27 & "") ="" ) ) ) "),"#REF!") -> #REF! | D27: =IFERROR(__xludf.DUMMYFUNCTION("IF( $C27="""", ""{ "" & IF( REGEXMATCH(B27, ""^First\(\)""), "")"", REGEXEXTRACT(B27, ""^First\(([^ )]+)"") ) & "" }"", IF( REGEXMATCH($C27, ""^First\(<""), VLOOKUP(REGEXEXTRACT($C27, ""\(([^)]+)\)""), 'First Set "&"MacroA'!B:D, 3, FALSE), IF( REGEXMATCH($C27, ""^Follow\(<""), VLOOKUP(REGEXEXTRACT($C27, ""\(([^)]+)\)""), 'Follow Set Macros'!B:D, 3, FALSE), ""{ "" & REGEXEXTRACT($C27, ""\(([^)]+)\)"") & "" }"" ) ) ) "),"#REF!") -> #REF!
A28: =ROW() -> 28 | B28: =IF(CFG!D28 = "λ", ("First(λ - λ) ∪ Follow(" & CFG!B28 & ") ="), ("First(" & TEXTJOIN(" ", TRUE, CFG!D28:AB28) & ") =")) -> #REF! | C28: =IFERROR(__xludf.DUMMYFUNCTION("IF( REGEXMATCH(B28, ""^First\(λ - λ\) ∪ Follow\(""), ""Follow("" & REGEXEXTRACT(B28, ""Follow\(([^)]+)\)"") & "") ="", IF( OR( REGEXMATCH(B28, ""^First\([^<]""), REGEXMATCH(B28, ""^First\(<[^A-Za-z_]"") ), """", IF( "&" CFG!D28=""λ"", ""Follow("" & CFG!B28 & "") ="", ""First("" & CFG!D28 & "") ="" ) ) ) "),"#REF!") -> #REF! | D28: =IFERROR(__xludf.DUMMYFUNCTION("IF( $C28="""", ""{ "" & IF( REGEXMATCH(B28, ""^First\(\)""), "")"", REGEXEXTRACT(B28, ""^First\(([^ )]+)"") ) & "" }"", IF( REGEXMATCH($C28, ""^First\(<""), VLOOKUP(REGEXEXTRACT($C28, ""\(([^)]+)\)""), 'First Set "&"MacroA'!B:D, 3, FALSE), IF( REGEXMATCH($C28, ""^Follow\(<""), VLOOKUP(REGEXEXTRACT($C28, ""\(([^)]+)\)""), 'Follow Set Macros'!B:D, 3, FALSE), ""{ "" & REGEXEXTRACT($C28, ""\(([^)]+)\)"") & "" }"" ) ) ) "),"#REF!") -> #REF!
A29: =ROW() -> 29 | B29: =IF(CFG!D29 = "λ", ("First(λ - λ) ∪ Follow(" & CFG!B29 & ") ="), ("First(" & TEXTJOIN(" ", TRUE, CFG!D29:AB29) & ") =")) -> #REF! | C29: =IFERROR(__xludf.DUMMYFUNCTION("IF( REGEXMATCH(B29, ""^First\(λ - λ\) ∪ Follow\(""), ""Follow("" & REGEXEXTRACT(B29, ""Follow\(([^)]+)\)"") & "") ="", IF( OR( REGEXMATCH(B29, ""^First\([^<]""), REGEXMATCH(B29, ""^First\(<[^A-Za-z_]"") ), """", IF( "&" CFG!D29=""λ"", ""Follow("" & CFG!B29 & "") ="", ""First("" & CFG!D29 & "") ="" ) ) ) "),"#REF!") -> #REF! | D29: =IFERROR(__xludf.DUMMYFUNCTION("IF( $C29="""", ""{ "" & IF( REGEXMATCH(B29, ""^First\(\)""), "")"", REGEXEXTRACT(B29, ""^First\(([^ )]+)"") ) & "" }"", IF( REGEXMATCH($C29, ""^First\(<""), VLOOKUP(REGEXEXTRACT($C29, ""\(([^)]+)\)""), 'First Set "&"MacroA'!B:D, 3, FALSE), IF( REGEXMATCH($C29, ""^Follow\(<""), VLOOKUP(REGEXEXTRACT($C29, ""\(([^)]+)\)""), 'Follow Set Macros'!B:D, 3, FALSE), ""{ "" & REGEXEXTRACT($C29, ""\(([^)]+)\)"") & "" }"" ) ) ) "),"#REF!") -> #REF!
A30: =ROW() -> 30 | B30: =IF(CFG!D30 = "λ", ("First(λ - λ) ∪ Follow(" & CFG!B30 & ") ="), ("First(" & TEXTJOIN(" ", TRUE, CFG!D30:AB30) & ") =")) -> #REF! | C30: =IFERROR(__xludf.DUMMYFUNCTION("IF( REGEXMATCH(B30, ""^First\(λ - λ\) ∪ Follow\(""), ""Follow("" & REGEXEXTRACT(B30, ""Follow\(([^)]+)\)"") & "") ="", IF( OR( REGEXMATCH(B30, ""^First\([^<]""), REGEXMATCH(B30, ""^First\(<[^A-Za-z_]"") ), """", IF( "&" CFG!D30=""λ"", ""Follow("" & CFG!B30 & "") ="", ""First("" & CFG!D30 & "") ="" ) ) ) "),"#REF!") -> #REF! | D30: =IFERROR(__xludf.DUMMYFUNCTION("IF( $C30="""", ""{ "" & IF( REGEXMATCH(B30, ""^First\(\)""), "")"", REGEXEXTRACT(B30, ""^First\(([^ )]+)"") ) & "" }"", IF( REGEXMATCH($C30, ""^First\(<""), VLOOKUP(REGEXEXTRACT($C30, ""\(([^)]+)\)""), 'First Set "&"MacroA'!B:D, 3, FALSE), IF( REGEXMATCH($C30, ""^Follow\(<""), VLOOKUP(REGEXEXTRACT($C30, ""\(([^)]+)\)""), 'Follow Set Macros'!B:D, 3, FALSE), ""{ "" & REGEXEXTRACT($C30, ""\(([^)]+)\)"") & "" }"" ) ) ) "),"#REF!") -> #REF!
A31: =ROW() -> 31 | B31: =IF(CFG!D31 = "λ", ("First(λ - λ) ∪ Follow(" & CFG!B31 & ") ="), ("First(" & TEXTJOIN(" ", TRUE, CFG!D31:AB31) & ") =")) -> #REF! | C31: =IFERROR(__xludf.DUMMYFUNCTION("IF( REGEXMATCH(B31, ""^First\(λ - λ\) ∪ Follow\(""), ""Follow("" & REGEXEXTRACT(B31, ""Follow\(([^)]+)\)"") & "") ="", IF( OR( REGEXMATCH(B31, ""^First\([^<]""), REGEXMATCH(B31, ""^First\(<[^A-Za-z_]"") ), """", IF( "&" CFG!D31=""λ"", ""Follow("" & CFG!B31 & "") ="", ""First("" & CFG!D31 & "") ="" ) ) ) "),"#REF!") -> #REF! | D31: =IFERROR(__xludf.DUMMYFUNCTION("IF( $C31="""", ""{ "" & IF( REGEXMATCH(B31, ""^First\(\)""), "")"", REGEXEXTRACT(B31, ""^First\(([^ )]+)"") ) & "" }"", IF( REGEXMATCH($C31, ""^First\(<""), VLOOKUP(REGEXEXTRACT($C31, ""\(([^)]+)\)""), 'First Set "&"MacroA'!B:D, 3, FALSE), IF( REGEXMATCH($C31, ""^Follow\(<""), VLOOKUP(REGEXEXTRACT($C31, ""\(([^)]+)\)""), 'Follow Set Macros'!B:D, 3, FALSE), ""{ "" & REGEXEXTRACT($C31, ""\(([^)]+)\)"") & "" }"" ) ) ) "),"#REF!") -> #REF!
A32: =ROW() -> 32 | B32: =IF(CFG!D32 = "λ", ("First(λ - λ) ∪ Follow(" & CFG!B32 & ") ="), ("First(" & TEXTJOIN(" ", TRUE, CFG!D32:AB32) & ") =")) -> #REF! | C32: =IFERROR(__xludf.DUMMYFUNCTION("IF( REGEXMATCH(B32, ""^First\(λ - λ\) ∪ Follow\(""), ""Follow("" & REGEXEXTRACT(B32, ""Follow\(([^)]+)\)"") & "") ="", IF( OR( REGEXMATCH(B32, ""^First\([^<]""), REGEXMATCH(B32, ""^First\(<[^A-Za-z_]"") ), """", IF( "&" CFG!D32=""λ"", ""Follow("" & CFG!B32 & "") ="", ""First("" & CFG!D32 & "") ="" ) ) ) "),"#REF!") -> #REF! | D32: =IFERROR(__xludf.DUMMYFUNCTION("IF( $C32="""", ""{ "" & IF( REGEXMATCH(B32, ""^First\(\)""), "")"", REGEXEXTRACT(B32, ""^First\(([^ )]+)"") ) & "" }"", IF( REGEXMATCH($C32, ""^First\(<""), VLOOKUP(REGEXEXTRACT($C32, ""\(([^)]+)\)""), 'First Set "&"MacroA'!B:D, 3, FALSE), IF( REGEXMATCH($C32, ""^Follow\(<""), VLOOKUP(REGEXEXTRACT($C32, ""\(([^)]+)\)""), 'Follow Set Macros'!B:D, 3, FALSE), ""{ "" & REGEXEXTRACT($C32, ""\(([^)]+)\)"") & "" }"" ) ) ) "),"#REF!") -> #REF!
A33: =ROW() -> 33 | B33: =IF(CFG!D33 = "λ", ("First(λ - λ) ∪ Follow(" & CFG!B33 & ") ="), ("First(" & TEXTJOIN(" ", TRUE, CFG!D33:AB33) & ") =")) -> #REF! | C33: =IFERROR(__xludf.DUMMYFUNCTION("IF( REGEXMATCH(B33, ""^First\(λ - λ\) ∪ Follow\(""), ""Follow("" & REGEXEXTRACT(B33, ""Follow\(([^)]+)\)"") & "") ="", IF( OR( REGEXMATCH(B33, ""^First\([^<]""), REGEXMATCH(B33, ""^First\(<[^A-Za-z_]"") ), """", IF( "&" CFG!D33=""λ"", ""Follow("" & CFG!B33 & "") ="", ""First("" & CFG!D33 & "") ="" ) ) ) "),"#REF!") -> #REF! | D33: =IFERROR(__xludf.DUMMYFUNCTION("IF( $C33="""", ""{ "" & IF( REGEXMATCH(B33, ""^First\(\)""), "")"", REGEXEXTRACT(B33, ""^First\(([^ )]+)"") ) & "" }"", IF( REGEXMATCH($C33, ""^First\(<""), VLOOKUP(REGEXEXTRACT($C33, ""\(([^)]+)\)""), 'First Set "&"MacroA'!B:D, 3, FALSE), IF( REGEXMATCH($C33, ""^Follow\(<""), VLOOKUP(REGEXEXTRACT($C33, ""\(([^)]+)\)""), 'Follow Set Macros'!B:D, 3, FALSE), ""{ "" & REGEXEXTRACT($C33, ""\(([^)]+)\)"") & "" }"" ) ) ) "),"#REF!") -> #REF!
A34: =ROW() -> 34 | B34: =IF(CFG!D34 = "λ", ("First(λ - λ) ∪ Follow(" & CFG!B34 & ") ="), ("First(" & TEXTJOIN(" ", TRUE, CFG!D34:AB34) & ") =")) -> #REF! | C34: =IFERROR(__xludf.DUMMYFUNCTION("IF( REGEXMATCH(B34, ""^First\(λ - λ\) ∪ Follow\(""), ""Follow("" & REGEXEXTRACT(B34, ""Follow\(([^)]+)\)"") & "") ="", IF( OR( REGEXMATCH(B34, ""^First\([^<]""), REGEXMATCH(B34, ""^First\(<[^A-Za-z_]"") ), """", IF( "&" CFG!D34=""λ"", ""Follow("" & CFG!B34 & "") ="", ""First("" & CFG!D34 & "") ="" ) ) ) "),"#REF!") -> #REF! | D34: =IFERROR(__xludf.DUMMYFUNCTION("IF( $C34="""", ""{ "" & IF( REGEXMATCH(B34, ""^First\(\)""), "")"", REGEXEXTRACT(B34, ""^First\(([^ )]+)"") ) & "" }"", IF( REGEXMATCH($C34, ""^First\(<""), VLOOKUP(REGEXEXTRACT($C34, ""\(([^)]+)\)""), 'First Set "&"MacroA'!B:D, 3, FALSE), IF( REGEXMATCH($C34, ""^Follow\(<""), VLOOKUP(REGEXEXTRACT($C34, ""\(([^)]+)\)""), 'Follow Set Macros'!B:D, 3, FALSE), ""{ "" & REGEXEXTRACT($C34, ""\(([^)]+)\)"") & "" }"" ) ) ) "),"#REF!") -> #REF!
A35: =ROW() -> 35 | B35: =IF(CFG!D35 = "λ", ("First(λ - λ) ∪ Follow(" & CFG!B35 & ") ="), ("First(" & TEXTJOIN(" ", TRUE, CFG!D35:AB35) & ") =")) -> #REF! | C35: =IFERROR(__xludf.DUMMYFUNCTION("IF( REGEXMATCH(B35, ""^First\(λ - λ\) ∪ Follow\(""), ""Follow("" & REGEXEXTRACT(B35, ""Follow\(([^)]+)\)"") & "") ="", IF( OR( REGEXMATCH(B35, ""^First\([^<]""), REGEXMATCH(B35, ""^First\(<[^A-Za-z_]"") ), """", IF( "&" CFG!D35=""λ"", ""Follow("" & CFG!B35 & "") ="", ""First("" & CFG!D35 & "") ="" ) ) ) "),"#REF!") -> #REF! | D35: =IFERROR(__xludf.DUMMYFUNCTION("IF( $C35="""", ""{ "" & IF( REGEXMATCH(B35, ""^First\(\)""), "")"", REGEXEXTRACT(B35, ""^First\(([^ )]+)"") ) & "" }"", IF( REGEXMATCH($C35, ""^First\(<""), VLOOKUP(REGEXEXTRACT($C35, ""\(([^)]+)\)""), 'First Set "&"MacroA'!B:D, 3, FALSE), IF( REGEXMATCH($C35, ""^Follow\(<""), VLOOKUP(REGEXEXTRACT($C35, ""\(([^)]+)\)""), 'Follow Set Macros'!B:D, 3, FALSE), ""{ "" & REGEXEXTRACT($C35, ""\(([^)]+)\)"") & "" }"" ) ) ) "),"#REF!") -> #REF!
A36: =ROW() -> 36 | B36: =IF(CFG!D36 = "λ", ("First(λ - λ) ∪ Follow(" & CFG!B36 & ") ="), ("First(" & TEXTJOIN(" ", TRUE, CFG!D36:AB36) & ") =")) -> #REF! | C36: =IFERROR(__xludf.DUMMYFUNCTION("IF( REGEXMATCH(B36, ""^First\(λ - λ\) ∪ Follow\(""), ""Follow("" & REGEXEXTRACT(B36, ""Follow\(([^)]+)\)"") & "") ="", IF( OR( REGEXMATCH(B36, ""^First\([^<]""), REGEXMATCH(B36, ""^First\(<[^A-Za-z_]"") ), """", IF( "&" CFG!D36=""λ"", ""Follow("" & CFG!B36 & "") ="", ""First("" & CFG!D36 & "") ="" ) ) ) "),"#REF!") -> #REF! | D36: =IFERROR(__xludf.DUMMYFUNCTION("IF( $C36="""", ""{ "" & IF( REGEXMATCH(B36, ""^First\(\)""), "")"", REGEXEXTRACT(B36, ""^First\(([^ )]+)"") ) & "" }"", IF( REGEXMATCH($C36, ""^First\(<""), VLOOKUP(REGEXEXTRACT($C36, ""\(([^)]+)\)""), 'First Set "&"MacroA'!B:D, 3, FALSE), IF( REGEXMATCH($C36, ""^Follow\(<""), VLOOKUP(REGEXEXTRACT($C36, ""\(([^)]+)\)""), 'Follow Set Macros'!B:D, 3, FALSE), ""{ "" & REGEXEXTRACT($C36, ""\(([^)]+)\)"") & "" }"" ) ) ) "),"#REF!") -> #REF!
A37: =ROW() -> 37 | B37: =IF(CFG!D37 = "λ", ("First(λ - λ) ∪ Follow(" & CFG!B37 & ") ="), ("First(" & TEXTJOIN(" ", TRUE, CFG!D37:AB37) & ") =")) -> #REF! | C37: =IFERROR(__xludf.DUMMYFUNCTION("IF( REGEXMATCH(B37, ""^First\(λ - λ\) ∪ Follow\(""), ""Follow("" & REGEXEXTRACT(B37, ""Follow\(([^)]+)\)"") & "") ="", IF( OR( REGEXMATCH(B37, ""^First\([^<]""), REGEXMATCH(B37, ""^First\(<[^A-Za-z_]"") ), """", IF( "&" CFG!D37=""λ"", ""Follow("" & CFG!B37 & "") ="", ""First("" & CFG!D37 & "") ="" ) ) ) "),"#REF!") -> #REF! | D37: =IFERROR(__xludf.DUMMYFUNCTION("IF( $C37="""", ""{ "" & IF( REGEXMATCH(B37, ""^First\(\)""), "")"", REGEXEXTRACT(B37, ""^First\(([^ )]+)"") ) & "" }"", IF( REGEXMATCH($C37, ""^First\(<""), VLOOKUP(REGEXEXTRACT($C37, ""\(([^)]+)\)""), 'First Set "&"MacroA'!B:D, 3, FALSE), IF( REGEXMATCH($C37, ""^Follow\(<""), VLOOKUP(REGEXEXTRACT($C37, ""\(([^)]+)\)""), 'Follow Set Macros'!B:D, 3, FALSE), ""{ "" & REGEXEXTRACT($C37, ""\(([^)]+)\)"") & "" }"" ) ) ) "),"#REF!") -> #REF!
A38: =ROW() -> 38 | B38: =IF(CFG!D38 = "λ", ("First(λ - λ) ∪ Follow(" & CFG!B38 & ") ="), ("First(" & TEXTJOIN(" ", TRUE, CFG!D38:AB38) & ") =")) -> #REF! | C38: =IFERROR(__xludf.DUMMYFUNCTION("IF( REGEXMATCH(B38, ""^First\(λ - λ\) ∪ Follow\(""), ""Follow("" & REGEXEXTRACT(B38, ""Follow\(([^)]+)\)"") & "") ="", IF( OR( REGEXMATCH(B38, ""^First\([^<]""), REGEXMATCH(B38, ""^First\(<[^A-Za-z_]"") ), """", IF( "&" CFG!D38=""λ"", ""Follow("" & CFG!B38 & "") ="", ""First("" & CFG!D38 & "") ="" ) ) ) "),"#REF!") -> #REF! | D38: =IFERROR(__xludf.DUMMYFUNCTION("IF( $C38="""", ""{ "" & IF( REGEXMATCH(B38, ""^First\(\)""), "")"", REGEXEXTRACT(B38, ""^First\(([^ )]+)"") ) & "" }"", IF( REGEXMATCH($C38, ""^First\(<""), VLOOKUP(REGEXEXTRACT($C38, ""\(([^)]+)\)""), 'First Set "&"MacroA'!B:D, 3, FALSE), IF( REGEXMATCH($C38, ""^Follow\(<""), VLOOKUP(REGEXEXTRACT($C38, ""\(([^)]+)\)""), 'Follow Set Macros'!B:D, 3, FALSE), ""{ "" & REGEXEXTRACT($C38, ""\(([^)]+)\)"") & "" }"" ) ) ) "),"#REF!") -> #REF!
A39: =ROW() -> 39 | B39: =IF(CFG!D39 = "λ", ("First(λ - λ) ∪ Follow(" & CFG!B39 & ") ="), ("First(" & TEXTJOIN(" ", TRUE, CFG!D39:AB39) & ") =")) -> #REF! | C39: =IFERROR(__xludf.DUMMYFUNCTION("IF( REGEXMATCH(B39, ""^First\(λ - λ\) ∪ Follow\(""), ""Follow("" & REGEXEXTRACT(B39, ""Follow\(([^)]+)\)"") & "") ="", IF( OR( REGEXMATCH(B39, ""^First\([^<]""), REGEXMATCH(B39, ""^First\(<[^A-Za-z_]"") ), """", IF( "&" CFG!D39=""λ"", ""Follow("" & CFG!B39 & "") ="", ""First("" & CFG!D39 & "") ="" ) ) ) "),"#REF!") -> #REF! | D39: =IFERROR(__xludf.DUMMYFUNCTION("IF( $C39="""", ""{ "" & IF( REGEXMATCH(B39, ""^First\(\)""), "")"", REGEXEXTRACT(B39, ""^First\(([^ )]+)"") ) & "" }"", IF( REGEXMATCH($C39, ""^First\(<""), VLOOKUP(REGEXEXTRACT($C39, ""\(([^)]+)\)""), 'First Set "&"MacroA'!B:D, 3, FALSE), IF( REGEXMATCH($C39, ""^Follow\(<""), VLOOKUP(REGEXEXTRACT($C39, ""\(([^)]+)\)""), 'Follow Set Macros'!B:D, 3, FALSE), ""{ "" & REGEXEXTRACT($C39, ""\(([^)]+)\)"") & "" }"" ) ) ) "),"#REF!") -> #REF!
A40: =ROW() -> 40 | B40: =IF(CFG!D40 = "λ", ("First(λ - λ) ∪ Follow(" & CFG!B40 & ") ="), ("First(" & TEXTJOIN(" ", TRUE, CFG!D40:AB40) & ") =")) -> #REF! | C40: =IFERROR(__xludf.DUMMYFUNCTION("IF( REGEXMATCH(B40, ""^First\(λ - λ\) ∪ Follow\(""), ""Follow("" & REGEXEXTRACT(B40, ""Follow\(([^)]+)\)"") & "") ="", IF( OR( REGEXMATCH(B40, ""^First\([^<]""), REGEXMATCH(B40, ""^First\(<[^A-Za-z_]"") ), """", IF( "&" CFG!D40=""λ"", ""Follow("" & CFG!B40 & "") ="", ""First("" & CFG!D40 & "") ="" ) ) ) "),"#REF!") -> #REF! | D40: =IFERROR(__xludf.DUMMYFUNCTION("IF( $C40="""", ""{ "" & IF( REGEXMATCH(B40, ""^First\(\)""), "")"", REGEXEXTRACT(B40, ""^First\(([^ )]+)"") ) & "" }"", IF( REGEXMATCH($C40, ""^First\(<""), VLOOKUP(REGEXEXTRACT($C40, ""\(([^)]+)\)""), 'First Set "&"MacroA'!B:D, 3, FALSE), IF( REGEXMATCH($C40, ""^Follow\(<""), VLOOKUP(REGEXEXTRACT($C40, ""\(([^)]+)\)""), 'Follow Set Macros'!B:D, 3, FALSE), ""{ "" & REGEXEXTRACT($C40, ""\(([^)]+)\)"") & "" }"" ) ) ) "),"#REF!") -> #REF!
A41: =ROW() -> 41 | B41: =IF(CFG!D41 = "λ", ("First(λ - λ) ∪ Follow(" & CFG!B41 & ") ="), ("First(" & TEXTJOIN(" ", TRUE, CFG!D41:AB41) & ") =")) -> #REF! | C41: =IFERROR(__xludf.DUMMYFUNCTION("IF( REGEXMATCH(B41, ""^First\(λ - λ\) ∪ Follow\(""), ""Follow("" & REGEXEXTRACT(B41, ""Follow\(([^)]+)\)"") & "") ="", IF( OR( REGEXMATCH(B41, ""^First\([^<]""), REGEXMATCH(B41, ""^First\(<[^A-Za-z_]"") ), """", IF( "&" CFG!D41=""λ"", ""Follow("" & CFG!B41 & "") ="", ""First("" & CFG!D41 & "") ="" ) ) ) "),"#REF!") -> #REF! | D41: =IFERROR(__xludf.DUMMYFUNCTION("IF( $C41="""", ""{ "" & IF( REGEXMATCH(B41, ""^First\(\)""), "")"", REGEXEXTRACT(B41, ""^First\(([^ )]+)"") ) & "" }"", IF( REGEXMATCH($C41, ""^First\(<""), VLOOKUP(REGEXEXTRACT($C41, ""\(([^)]+)\)""), 'First Set "&"MacroA'!B:D, 3, FALSE), IF( REGEXMATCH($C41, ""^Follow\(<""), VLOOKUP(REGEXEXTRACT($C41, ""\(([^)]+)\)""), 'Follow Set Macros'!B:D, 3, FALSE), ""{ "" & REGEXEXTRACT($C41, ""\(([^)]+)\)"") & "" }"" ) ) ) "),"#REF!") -> #REF!
A42: =ROW() -> 42 | B42: =IF(CFG!D42 = "λ", ("First(λ - λ) ∪ Follow(" & CFG!B42 & ") ="), ("First(" & TEXTJOIN(" ", TRUE, CFG!D42:AB42) & ") =")) -> #REF! | C42: =IFERROR(__xludf.DUMMYFUNCTION("IF( REGEXMATCH(B42, ""^First\(λ - λ\) ∪ Follow\(""), ""Follow("" & REGEXEXTRACT(B42, ""Follow\(([^)]+)\)"") & "") ="", IF( OR( REGEXMATCH(B42, ""^First\([^<]""), REGEXMATCH(B42, ""^First\(<[^A-Za-z_]"") ), """", IF( "&" CFG!D42=""λ"", ""Follow("" & CFG!B42 & "") ="", ""First("" & CFG!D42 & "") ="" ) ) ) "),"#REF!") -> #REF! | D42: =IFERROR(__xludf.DUMMYFUNCTION("IF( $C42="""", ""{ "" & IF( REGEXMATCH(B42, ""^First\(\)""), "")"", REGEXEXTRACT(B42, ""^First\(([^ )]+)"") ) & "" }"", IF( REGEXMATCH($C42, ""^First\(<""), VLOOKUP(REGEXEXTRACT($C42, ""\(([^)]+)\)""), 'First Set "&"MacroA'!B:D, 3, FALSE), IF( REGEXMATCH($C42, ""^Follow\(<""), VLOOKUP(REGEXEXTRACT($C42, ""\(([^)]+)\)""), 'Follow Set Macros'!B:D, 3, FALSE), ""{ "" & REGEXEXTRACT($C42, ""\(([^)]+)\)"") & "" }"" ) ) ) "),"#REF!") -> #REF!
A43: =ROW() -> 43 | B43: =IF(CFG!D43 = "λ", ("First(λ - λ) ∪ Follow(" & CFG!B43 & ") ="), ("First(" & TEXTJOIN(" ", TRUE, CFG!D43:AB43) & ") =")) -> #REF! | C43: =IFERROR(__xludf.DUMMYFUNCTION("IF( REGEXMATCH(B43, ""^First\(λ - λ\) ∪ Follow\(""), ""Follow("" & REGEXEXTRACT(B43, ""Follow\(([^)]+)\)"") & "") ="", IF( OR( REGEXMATCH(B43, ""^First\([^<]""), REGEXMATCH(B43, ""^First\(<[^A-Za-z_]"") ), """", IF( "&" CFG!D43=""λ"", ""Follow("" & CFG!B43 & "") ="", ""First("" & CFG!D43 & "") ="" ) ) ) "),"#REF!") -> #REF! | D43: =IFERROR(__xludf.DUMMYFUNCTION("IF( $C43="""", ""{ "" & IF( REGEXMATCH(B43, ""^First\(\)""), "")"", REGEXEXTRACT(B43, ""^First\(([^ )]+)"") ) & "" }"", IF( REGEXMATCH($C43, ""^First\(<""), VLOOKUP(REGEXEXTRACT($C43, ""\(([^)]+)\)""), 'First Set "&"MacroA'!B:D, 3, FALSE), IF( REGEXMATCH($C43, ""^Follow\(<""), VLOOKUP(REGEXEXTRACT($C43, ""\(([^)]+)\)""), 'Follow Set Macros'!B:D, 3, FALSE), ""{ "" & REGEXEXTRACT($C43, ""\(([^)]+)\)"") & "" }"" ) ) ) "),"#REF!") -> #REF!
A44: =ROW() -> 44 | B44: =IF(CFG!D44 = "λ", ("First(λ - λ) ∪ Follow(" & CFG!B44 & ") ="), ("First(" & TEXTJOIN(" ", TRUE, CFG!D44:AB44) & ") =")) -> #REF! | C44: =IFERROR(__xludf.DUMMYFUNCTION("IF( REGEXMATCH(B44, ""^First\(λ - λ\) ∪ Follow\(""), ""Follow("" & REGEXEXTRACT(B44, ""Follow\(([^)]+)\)"") & "") ="", IF( OR( REGEXMATCH(B44, ""^First\([^<]""), REGEXMATCH(B44, ""^First\(<[^A-Za-z_]"") ), """", IF( "&" CFG!D44=""λ"", ""Follow("" & CFG!B44 & "") ="", ""First("" & CFG!D44 & "") ="" ) ) ) "),"#REF!") -> #REF! | D44: =IFERROR(__xludf.DUMMYFUNCTION("IF( $C44="""", ""{ "" & IF( REGEXMATCH(B44, ""^First\(\)""), "")"", REGEXEXTRACT(B44, ""^First\(([^ )]+)"") ) & "" }"", IF( REGEXMATCH($C44, ""^First\(<""), VLOOKUP(REGEXEXTRACT($C44, ""\(([^)]+)\)""), 'First Set "&"MacroA'!B:D, 3, FALSE), IF( REGEXMATCH($C44, ""^Follow\(<""), VLOOKUP(REGEXEXTRACT($C44, ""\(([^)]+)\)""), 'Follow Set Macros'!B:D, 3, FALSE), ""{ "" & REGEXEXTRACT($C44, ""\(([^)]+)\)"") & "" }"" ) ) ) "),"#REF!") -> #REF!
A45: =ROW() -> 45 | B45: =IF(CFG!D45 = "λ", ("First(λ - λ) ∪ Follow(" & CFG!B45 & ") ="), ("First(" & TEXTJOIN(" ", TRUE, CFG!D45:AB45) & ") =")) -> #REF! | C45: =IFERROR(__xludf.DUMMYFUNCTION("IF( REGEXMATCH(B45, ""^First\(λ - λ\) ∪ Follow\(""), ""Follow("" & REGEXEXTRACT(B45, ""Follow\(([^)]+)\)"") & "") ="", IF( OR( REGEXMATCH(B45, ""^First\([^<]""), REGEXMATCH(B45, ""^First\(<[^A-Za-z_]"") ), """", IF( "&" CFG!D45=""λ"", ""Follow("" & CFG!B45 & "") ="", ""First("" & CFG!D45 & "") ="" ) ) ) "),"#REF!") -> #REF! | D45: =IFERROR(__xludf.DUMMYFUNCTION("IF( $C45="""", ""{ "" & IF( REGEXMATCH(B45, ""^First\(\)""), "")"", REGEXEXTRACT(B45, ""^First\(([^ )]+)"") ) & "" }"", IF( REGEXMATCH($C45, ""^First\(<""), VLOOKUP(REGEXEXTRACT($C45, ""\(([^)]+)\)""), 'First Set "&"MacroA'!B:D, 3, FALSE), IF( REGEXMATCH($C45, ""^Follow\(<""), VLOOKUP(REGEXEXTRACT($C45, ""\(([^)]+)\)""), 'Follow Set Macros'!B:D, 3, FALSE), ""{ "" & REGEXEXTRACT($C45, ""\(([^)]+)\)"") & "" }"" ) ) ) "),"#REF!") -> #REF!
A46: =ROW() -> 46 | B46: =IF(CFG!D46 = "λ", ("First(λ - λ) ∪ Follow(" & CFG!B46 & ") ="), ("First(" & TEXTJOIN(" ", TRUE, CFG!D46:AB46) & ") =")) -> #REF! | C46: =IFERROR(__xludf.DUMMYFUNCTION("IF( REGEXMATCH(B46, ""^First\(λ - λ\) ∪ Follow\(""), ""Follow("" & REGEXEXTRACT(B46, ""Follow\(([^)]+)\)"") & "") ="", IF( OR( REGEXMATCH(B46, ""^First\([^<]""), REGEXMATCH(B46, ""^First\(<[^A-Za-z_]"") ), """", IF( "&" CFG!D46=""λ"", ""Follow("" & CFG!B46 & "") ="", ""First("" & CFG!D46 & "") ="" ) ) ) "),"#REF!") -> #REF! | D46: =IFERROR(__xludf.DUMMYFUNCTION("IF( $C46="""", ""{ "" & IF( REGEXMATCH(B46, ""^First\(\)""), "")"", REGEXEXTRACT(B46, ""^First\(([^ )]+)"") ) & "" }"", IF( REGEXMATCH($C46, ""^First\(<""), VLOOKUP(REGEXEXTRACT($C46, ""\(([^)]+)\)""), 'First Set "&"MacroA'!B:D, 3, FALSE), IF( REGEXMATCH($C46, ""^Follow\(<""), VLOOKUP(REGEXEXTRACT($C46, ""\(([^)]+)\)""), 'Follow Set Macros'!B:D, 3, FALSE), ""{ "" & REGEXEXTRACT($C46, ""\(([^)]+)\)"") & "" }"" ) ) ) "),"#REF!") -> #REF!
A47: =ROW() -> 47 | B47: =IF(CFG!D47 = "λ", ("First(λ - λ) ∪ Follow(" & CFG!B47 & ") ="), ("First(" & TEXTJOIN(" ", TRUE, CFG!D47:AB47) & ") =")) -> #REF! | C47: =IFERROR(__xludf.DUMMYFUNCTION("IF( REGEXMATCH(B47, ""^First\(λ - λ\) ∪ Follow\(""), ""Follow("" & REGEXEXTRACT(B47, ""Follow\(([^)]+)\)"") & "") ="", IF( OR( REGEXMATCH(B47, ""^First\([^<]""), REGEXMATCH(B47, ""^First\(<[^A-Za-z_]"") ), """", IF( "&" CFG!D47=""λ"", ""Follow("" & CFG!B47 & "") ="", ""First("" & CFG!D47 & "") ="" ) ) ) "),"#REF!") -> #REF! | D47: =IFERROR(__xludf.DUMMYFUNCTION("IF( $C47="""", ""{ "" & IF( REGEXMATCH(B47, ""^First\(\)""), "")"", REGEXEXTRACT(B47, ""^First\(([^ )]+)"") ) & "" }"", IF( REGEXMATCH($C47, ""^First\(<""), VLOOKUP(REGEXEXTRACT($C47, ""\(([^)]+)\)""), 'First Set "&"MacroA'!B:D, 3, FALSE), IF( REGEXMATCH($C47, ""^Follow\(<""), VLOOKUP(REGEXEXTRACT($C47, ""\(([^)]+)\)""), 'Follow Set Macros'!B:D, 3, FALSE), ""{ "" & REGEXEXTRACT($C47, ""\(([^)]+)\)"") & "" }"" ) ) ) "),"#REF!") -> #REF!
A48: =ROW() -> 48 | B48: =IF(CFG!D48 = "λ", ("First(λ - λ) ∪ Follow(" & CFG!B48 & ") ="), ("First(" & TEXTJOIN(" ", TRUE, CFG!D48:AB48) & ") =")) -> #REF! | C48: =IFERROR(__xludf.DUMMYFUNCTION("IF( REGEXMATCH(B48, ""^First\(λ - λ\) ∪ Follow\(""), ""Follow("" & REGEXEXTRACT(B48, ""Follow\(([^)]+)\)"") & "") ="", IF( OR( REGEXMATCH(B48, ""^First\([^<]""), REGEXMATCH(B48, ""^First\(<[^A-Za-z_]"") ), """", IF( "&" CFG!D48=""λ"", ""Follow("" & CFG!B48 & "") ="", ""First("" & CFG!D48 & "") ="" ) ) ) "),"#REF!") -> #REF! | D48: =IFERROR(__xludf.DUMMYFUNCTION("IF( $C48="""", ""{ "" & IF( REGEXMATCH(B48, ""^First\(\)""), "")"", REGEXEXTRACT(B48, ""^First\(([^ )]+)"") ) & "" }"", IF( REGEXMATCH($C48, ""^First\(<""), VLOOKUP(REGEXEXTRACT($C48, ""\(([^)]+)\)""), 'First Set "&"MacroA'!B:D, 3, FALSE), IF( REGEXMATCH($C48, ""^Follow\(<""), VLOOKUP(REGEXEXTRACT($C48, ""\(([^)]+)\)""), 'Follow Set Macros'!B:D, 3, FALSE), ""{ "" & REGEXEXTRACT($C48, ""\(([^)]+)\)"") & "" }"" ) ) ) "),"#REF!") -> #REF!
A49: =ROW() -> 49 | B49: =IF(CFG!D49 = "λ", ("First(λ - λ) ∪ Follow(" & CFG!B49 & ") ="), ("First(" & TEXTJOIN(" ", TRUE, CFG!D49:AB49) & ") =")) -> #REF! | C49: =IFERROR(__xludf.DUMMYFUNCTION("IF( REGEXMATCH(B49, ""^First\(λ - λ\) ∪ Follow\(""), ""Follow("" & REGEXEXTRACT(B49, ""Follow\(([^)]+)\)"") & "") ="", IF( OR( REGEXMATCH(B49, ""^First\([^<]""), REGEXMATCH(B49, ""^First\(<[^A-Za-z_]"") ), """", IF( "&" CFG!D49=""λ"", ""Follow("" & CFG!B49 & "") ="", ""First("" & CFG!D49 & "") ="" ) ) ) "),"#REF!") -> #REF! | D49: =IFERROR(__xludf.DUMMYFUNCTION("IF( $C49="""", ""{ "" & IF( REGEXMATCH(B49, ""^First\(\)""), "")"", REGEXEXTRACT(B49, ""^First\(([^ )]+)"") ) & "" }"", IF( REGEXMATCH($C49, ""^First\(<""), VLOOKUP(REGEXEXTRACT($C49, ""\(([^)]+)\)""), 'First Set "&"MacroA'!B:D, 3, FALSE), IF( REGEXMATCH($C49, ""^Follow\(<""), VLOOKUP(REGEXEXTRACT($C49, ""\(([^)]+)\)""), 'Follow Set Macros'!B:D, 3, FALSE), ""{ "" & REGEXEXTRACT($C49, ""\(([^)]+)\)"") & "" }"" ) ) ) "),"#REF!") -> #REF!
A50: =ROW() -> 50 | B50: =IF(CFG!D50 = "λ", ("First(λ - λ) ∪ Follow(" & CFG!B50 & ") ="), ("First(" & TEXTJOIN(" ", TRUE, CFG!D50:AB50) & ") =")) -> #REF! | C50: =IFERROR(__xludf.DUMMYFUNCTION("IF( REGEXMATCH(B50, ""^First\(λ - λ\) ∪ Follow\(""), ""Follow("" & REGEXEXTRACT(B50, ""Follow\(([^)]+)\)"") & "") ="", IF( OR( REGEXMATCH(B50, ""^First\([^<]""), REGEXMATCH(B50, ""^First\(<[^A-Za-z_]"") ), """", IF( "&" CFG!D50=""λ"", ""Follow("" & CFG!B50 & "") ="", ""First("" & CFG!D50 & "") ="" ) ) ) "),"#REF!") -> #REF! | D50: =IFERROR(__xludf.DUMMYFUNCTION("IF( $C50="""", ""{ "" & IF( REGEXMATCH(B50, ""^First\(\)""), "")"", REGEXEXTRACT(B50, ""^First\(([^ )]+)"") ) & "" }"", IF( REGEXMATCH($C50, ""^First\(<""), VLOOKUP(REGEXEXTRACT($C50, ""\(([^)]+)\)""), 'First Set "&"MacroA'!B:D, 3, FALSE), IF( REGEXMATCH($C50, ""^Follow\(<""), VLOOKUP(REGEXEXTRACT($C50, ""\(([^)]+)\)""), 'Follow Set Macros'!B:D, 3, FALSE), ""{ "" & REGEXEXTRACT($C50, ""\(([^)]+)\)"") & "" }"" ) ) ) "),"#REF!") -> #REF!
A51: =ROW() -> 51 | B51: =IF(CFG!D51 = "λ", ("First(λ - λ) ∪ Follow(" & CFG!B51 & ") ="), ("First(" & TEXTJOIN(" ", TRUE, CFG!D51:AB51) & ") =")) -> #REF! | C51: =IFERROR(__xludf.DUMMYFUNCTION("IF( REGEXMATCH(B51, ""^First\(λ - λ\) ∪ Follow\(""), ""Follow("" & REGEXEXTRACT(B51, ""Follow\(([^)]+)\)"") & "") ="", IF( OR( REGEXMATCH(B51, ""^First\([^<]""), REGEXMATCH(B51, ""^First\(<[^A-Za-z_]"") ), """", IF( "&" CFG!D51=""λ"", ""Follow("" & CFG!B51 & "") ="", ""First("" & CFG!D51 & "") ="" ) ) ) "),"#REF!") -> #REF! | D51: =IFERROR(__xludf.DUMMYFUNCTION("IF( $C51="""", ""{ "" & IF( REGEXMATCH(B51, ""^First\(\)""), "")"", REGEXEXTRACT(B51, ""^First\(([^ )]+)"") ) & "" }"", IF( REGEXMATCH($C51, ""^First\(<""), VLOOKUP(REGEXEXTRACT($C51, ""\(([^)]+)\)""), 'First Set "&"MacroA'!B:D, 3, FALSE), IF( REGEXMATCH($C51, ""^Follow\(<""), VLOOKUP(REGEXEXTRACT($C51, ""\(([^)]+)\)""), 'Follow Set Macros'!B:D, 3, FALSE), ""{ "" & REGEXEXTRACT($C51, ""\(([^)]+)\)"") & "" }"" ) ) ) "),"#REF!") -> #REF!
A52: =ROW() -> 52 | B52: =IF(CFG!D52 = "λ", ("First(λ - λ) ∪ Follow(" & CFG!B52 & ") ="), ("First(" & TEXTJOIN(" ", TRUE, CFG!D52:AB52) & ") =")) -> #REF! | C52: =IFERROR(__xludf.DUMMYFUNCTION("IF( REGEXMATCH(B52, ""^First\(λ - λ\) ∪ Follow\(""), ""Follow("" & REGEXEXTRACT(B52, ""Follow\(([^)]+)\)"") & "") ="", IF( OR( REGEXMATCH(B52, ""^First\([^<]""), REGEXMATCH(B52, ""^First\(<[^A-Za-z_]"") ), """", IF( "&" CFG!D52=""λ"", ""Follow("" & CFG!B52 & "") ="", ""First("" & CFG!D52 & "") ="" ) ) ) "),"#REF!") -> #REF! | D52: =IFERROR(__xludf.DUMMYFUNCTION("IF( $C52="""", ""{ "" & IF( REGEXMATCH(B52, ""^First\(\)""), "")"", REGEXEXTRACT(B52, ""^First\(([^ )]+)"") ) & "" }"", IF( REGEXMATCH($C52, ""^First\(<""), VLOOKUP(REGEXEXTRACT($C52, ""\(([^)]+)\)""), 'First Set "&"MacroA'!B:D, 3, FALSE), IF( REGEXMATCH($C52, ""^Follow\(<""), VLOOKUP(REGEXEXTRACT($C52, ""\(([^)]+)\)""), 'Follow Set Macros'!B:D, 3, FALSE), ""{ "" & REGEXEXTRACT($C52, ""\(([^)]+)\)"") & "" }"" ) ) ) "),"#REF!") -> #REF!
A53: =ROW() -> 53 | B53: =IF(CFG!D53 = "λ", ("First(λ - λ) ∪ Follow(" & CFG!B53 & ") ="), ("First(" & TEXTJOIN(" ", TRUE, CFG!D53:AB53) & ") =")) -> #REF! | C53: =IFERROR(__xludf.DUMMYFUNCTION("IF( REGEXMATCH(B53, ""^First\(λ - λ\) ∪ Follow\(""), ""Follow("" & REGEXEXTRACT(B53, ""Follow\(([^)]+)\)"") & "") ="", IF( OR( REGEXMATCH(B53, ""^First\([^<]""), REGEXMATCH(B53, ""^First\(<[^A-Za-z_]"") ), """", IF( "&" CFG!D53=""λ"", ""Follow("" & CFG!B53 & "") ="", ""First("" & CFG!D53 & "") ="" ) ) ) "),"#REF!") -> #REF! | D53: =IFERROR(__xludf.DUMMYFUNCTION("IF( $C53="""", ""{ "" & IF( REGEXMATCH(B53, ""^First\(\)""), "")"", REGEXEXTRACT(B53, ""^First\(([^ )]+)"") ) & "" }"", IF( REGEXMATCH($C53, ""^First\(<""), VLOOKUP(REGEXEXTRACT($C53, ""\(([^)]+)\)""), 'First Set "&"MacroA'!B:D, 3, FALSE), IF( REGEXMATCH($C53, ""^Follow\(<""), VLOOKUP(REGEXEXTRACT($C53, ""\(([^)]+)\)""), 'Follow Set Macros'!B:D, 3, FALSE), ""{ "" & REGEXEXTRACT($C53, ""\(([^)]+)\)"") & "" }"" ) ) ) "),"#REF!") -> #REF!
A54: =ROW() -> 54 | B54: =IF(CFG!D54 = "λ", ("First(λ - λ) ∪ Follow(" & CFG!B54 & ") ="), ("First(" & TEXTJOIN(" ", TRUE, CFG!D54:AB54) & ") =")) -> #REF! | C54: =IFERROR(__xludf.DUMMYFUNCTION("IF( REGEXMATCH(B54, ""^First\(λ - λ\) ∪ Follow\(""), ""Follow("" & REGEXEXTRACT(B54, ""Follow\(([^)]+)\)"") & "") ="", IF( OR( REGEXMATCH(B54, ""^First\([^<]""), REGEXMATCH(B54, ""^First\(<[^A-Za-z_]"") ), """", IF( "&" CFG!D54=""λ"", ""Follow("" & CFG!B54 & "") ="", ""First("" & CFG!D54 & "") ="" ) ) ) "),"#REF!") -> #REF! | D54: =IFERROR(__xludf.DUMMYFUNCTION("IF( $C54="""", ""{ "" & IF( REGEXMATCH(B54, ""^First\(\)""), "")"", REGEXEXTRACT(B54, ""^First\(([^ )]+)"") ) & "" }"", IF( REGEXMATCH($C54, ""^First\(<""), VLOOKUP(REGEXEXTRACT($C54, ""\(([^)]+)\)""), 'First Set "&"MacroA'!B:D, 3, FALSE), IF( REGEXMATCH($C54, ""^Follow\(<""), VLOOKUP(REGEXEXTRACT($C54, ""\(([^)]+)\)""), 'Follow Set Macros'!B:D, 3, FALSE), ""{ "" & REGEXEXTRACT($C54, ""\(([^)]+)\)"") & "" }"" ) ) ) "),"#REF!") -> #REF!
A55: =ROW() -> 55 | B55: =IF(CFG!D55 = "λ", ("First(λ - λ) ∪ Follow(" & CFG!B55 & ") ="), ("First(" & TEXTJOIN(" ", TRUE, CFG!D55:AB55) & ") =")) -> #REF! | C55: =IFERROR(__xludf.DUMMYFUNCTION("IF( REGEXMATCH(B55, ""^First\(λ - λ\) ∪ Follow\(""), ""Follow("" & REGEXEXTRACT(B55, ""Follow\(([^)]+)\)"") & "") ="", IF( OR( REGEXMATCH(B55, ""^First\([^<]""), REGEXMATCH(B55, ""^First\(<[^A-Za-z_]"") ), """", IF( "&" CFG!D55=""λ"", ""Follow("" & CFG!B55 & "") ="", ""First("" & CFG!D55 & "") ="" ) ) ) "),"#REF!") -> #REF! | D55: =IFERROR(__xludf.DUMMYFUNCTION("IF( $C55="""", ""{ "" & IF( REGEXMATCH(B55, ""^First\(\)""), "")"", REGEXEXTRACT(B55, ""^First\(([^ )]+)"") ) & "" }"", IF( REGEXMATCH($C55, ""^First\(<""), VLOOKUP(REGEXEXTRACT($C55, ""\(([^)]+)\)""), 'First Set "&"MacroA'!B:D, 3, FALSE), IF( REGEXMATCH($C55, ""^Follow\(<""), VLOOKUP(REGEXEXTRACT($C55, ""\(([^)]+)\)""), 'Follow Set Macros'!B:D, 3, FALSE), ""{ "" & REGEXEXTRACT($C55, ""\(([^)]+)\)"") & "" }"" ) ) ) "),"#REF!") -> #REF!
A56: =ROW() -> 56 | B56: =IF(CFG!D56 = "λ", ("First(λ - λ) ∪ Follow(" & CFG!B56 & ") ="), ("First(" & TEXTJOIN(" ", TRUE, CFG!D56:AB56) & ") =")) -> #REF! | C56: =IFERROR(__xludf.DUMMYFUNCTION("IF( REGEXMATCH(B56, ""^First\(λ - λ\) ∪ Follow\(""), ""Follow("" & REGEXEXTRACT(B56, ""Follow\(([^)]+)\)"") & "") ="", IF( OR( REGEXMATCH(B56, ""^First\([^<]""), REGEXMATCH(B56, ""^First\(<[^A-Za-z_]"") ), """", IF( "&" CFG!D56=""λ"", ""Follow("" & CFG!B56 & "") ="", ""First("" & CFG!D56 & "") ="" ) ) ) "),"#REF!") -> #REF! | D56: =IFERROR(__xludf.DUMMYFUNCTION("IF( $C56="""", ""{ "" & IF( REGEXMATCH(B56, ""^First\(\)""), "")"", REGEXEXTRACT(B56, ""^First\(([^ )]+)"") ) & "" }"", IF( REGEXMATCH($C56, ""^First\(<""), VLOOKUP(REGEXEXTRACT($C56, ""\(([^)]+)\)""), 'First Set "&"MacroA'!B:D, 3, FALSE), IF( REGEXMATCH($C56, ""^Follow\(<""), VLOOKUP(REGEXEXTRACT($C56, ""\(([^)]+)\)""), 'Follow Set Macros'!B:D, 3, FALSE), ""{ "" & REGEXEXTRACT($C56, ""\(([^)]+)\)"") & "" }"" ) ) ) "),"#REF!") -> #REF!
A57: =ROW() -> 57 | B57: =IF(CFG!D57 = "λ", ("First(λ - λ) ∪ Follow(" & CFG!B57 & ") ="), ("First(" & TEXTJOIN(" ", TRUE, CFG!D57:AB57) & ") =")) -> #REF! | C57: =IFERROR(__xludf.DUMMYFUNCTION("IF( REGEXMATCH(B57, ""^First\(λ - λ\) ∪ Follow\(""), ""Follow("" & REGEXEXTRACT(B57, ""Follow\(([^)]+)\)"") & "") ="", IF( OR( REGEXMATCH(B57, ""^First\([^<]""), REGEXMATCH(B57, ""^First\(<[^A-Za-z_]"") ), """", IF( "&" CFG!D57=""λ"", ""Follow("" & CFG!B57 & "") ="", ""First("" & CFG!D57 & "") ="" ) ) ) "),"#REF!") -> #REF! | D57: =IFERROR(__xludf.DUMMYFUNCTION("IF( $C57="""", ""{ "" & IF( REGEXMATCH(B57, ""^First\(\)""), "")"", REGEXEXTRACT(B57, ""^First\(([^ )]+)"") ) & "" }"", IF( REGEXMATCH($C57, ""^First\(<""), VLOOKUP(REGEXEXTRACT($C57, ""\(([^)]+)\)""), 'First Set "&"MacroA'!B:D, 3, FALSE), IF( REGEXMATCH($C57, ""^Follow\(<""), VLOOKUP(REGEXEXTRACT($C57, ""\(([^)]+)\)""), 'Follow Set Macros'!B:D, 3, FALSE), ""{ "" & REGEXEXTRACT($C57, ""\(([^)]+)\)"") & "" }"" ) ) ) "),"#REF!") -> #REF!
A58: =ROW() -> 58 | B58: =IF(CFG!D58 = "λ", ("First(λ - λ) ∪ Follow(" & CFG!B58 & ") ="), ("First(" & TEXTJOIN(" ", TRUE, CFG!D58:AB58) & ") =")) -> #REF! | C58: =IFERROR(__xludf.DUMMYFUNCTION("IF( REGEXMATCH(B58, ""^First\(λ - λ\) ∪ Follow\(""), ""Follow("" & REGEXEXTRACT(B58, ""Follow\(([^)]+)\)"") & "") ="", IF( OR( REGEXMATCH(B58, ""^First\([^<]""), REGEXMATCH(B58, ""^First\(<[^A-Za-z_]"") ), """", IF( "&" CFG!D58=""λ"", ""Follow("" & CFG!B58 & "") ="", ""First("" & CFG!D58 & "") ="" ) ) ) "),"#REF!") -> #REF! | D58: =IFERROR(__xludf.DUMMYFUNCTION("IF( $C58="""", ""{ "" & IF( REGEXMATCH(B58, ""^First\(\)""), "")"", REGEXEXTRACT(B58, ""^First\(([^ )]+)"") ) & "" }"", IF( REGEXMATCH($C58, ""^First\(<""), VLOOKUP(REGEXEXTRACT($C58, ""\(([^)]+)\)""), 'First Set "&"MacroA'!B:D, 3, FALSE), IF( REGEXMATCH($C58, ""^Follow\(<""), VLOOKUP(REGEXEXTRACT($C58, ""\(([^)]+)\)""), 'Follow Set Macros'!B:D, 3, FALSE), ""{ "" & REGEXEXTRACT($C58, ""\(([^)]+)\)"") & "" }"" ) ) ) "),"#REF!") -> #REF!
A59: =ROW() -> 59 | B59: =IF(CFG!D59 = "λ", ("First(λ - λ) ∪ Follow(" & CFG!B59 & ") ="), ("First(" & TEXTJOIN(" ", TRUE, CFG!D59:AB59) & ") =")) -> #REF! | C59: =IFERROR(__xludf.DUMMYFUNCTION("IF( REGEXMATCH(B59, ""^First\(λ - λ\) ∪ Follow\(""), ""Follow("" & REGEXEXTRACT(B59, ""Follow\(([^)]+)\)"") & "") ="", IF( OR( REGEXMATCH(B59, ""^First\([^<]""), REGEXMATCH(B59, ""^First\(<[^A-Za-z_]"") ), """", IF( "&" CFG!D59=""λ"", ""Follow("" & CFG!B59 & "") ="", ""First("" & CFG!D59 & "") ="" ) ) ) "),"#REF!") -> #REF! | D59: =IFERROR(__xludf.DUMMYFUNCTION("IF( $C59="""", ""{ "" & IF( REGEXMATCH(B59, ""^First\(\)""), "")"", REGEXEXTRACT(B59, ""^First\(([^ )]+)"") ) & "" }"", IF( REGEXMATCH($C59, ""^First\(<""), VLOOKUP(REGEXEXTRACT($C59, ""\(([^)]+)\)""), 'First Set "&"MacroA'!B:D, 3, FALSE), IF( REGEXMATCH($C59, ""^Follow\(<""), VLOOKUP(REGEXEXTRACT($C59, ""\(([^)]+)\)""), 'Follow Set Macros'!B:D, 3, FALSE), ""{ "" & REGEXEXTRACT($C59, ""\(([^)]+)\)"") & "" }"" ) ) ) "),"#REF!") -> #REF!
A60: =ROW() -> 60 | B60: =IF(CFG!D60 = "λ", ("First(λ - λ) ∪ Follow(" & CFG!B60 & ") ="), ("First(" & TEXTJOIN(" ", TRUE, CFG!D60:AB60) & ") =")) -> #REF! | C60: =IFERROR(__xludf.DUMMYFUNCTION("IF( REGEXMATCH(B60, ""^First\(λ - λ\) ∪ Follow\(""), ""Follow("" & REGEXEXTRACT(B60, ""Follow\(([^)]+)\)"") & "") ="", IF( OR( REGEXMATCH(B60, ""^First\([^<]""), REGEXMATCH(B60, ""^First\(<[^A-Za-z_]"") ), """", IF( "&" CFG!D60=""λ"", ""Follow("" & CFG!B60 & "") ="", ""First("" & CFG!D60 & "") ="" ) ) ) "),"#REF!") -> #REF! | D60: =IFERROR(__xludf.DUMMYFUNCTION("IF( $C60="""", ""{ "" & IF( REGEXMATCH(B60, ""^First\(\)""), "")"", REGEXEXTRACT(B60, ""^First\(([^ )]+)"") ) & "" }"", IF( REGEXMATCH($C60, ""^First\(<""), VLOOKUP(REGEXEXTRACT($C60, ""\(([^)]+)\)""), 'First Set "&"MacroA'!B:D, 3, FALSE), IF( REGEXMATCH($C60, ""^Follow\(<""), VLOOKUP(REGEXEXTRACT($C60, ""\(([^)]+)\)""), 'Follow Set Macros'!B:D, 3, FALSE), ""{ "" & REGEXEXTRACT($C60, ""\(([^)]+)\)"") & "" }"" ) ) ) "),"#REF!") -> #REF!
A61: =ROW() -> 61 | B61: =IF(CFG!D61 = "λ", ("First(λ - λ) ∪ Follow(" & CFG!B61 & ") ="), ("First(" & TEXTJOIN(" ", TRUE, CFG!D61:AB61) & ") =")) -> #REF! | C61: =IFERROR(__xludf.DUMMYFUNCTION("IF( REGEXMATCH(B61, ""^First\(λ - λ\) ∪ Follow\(""), ""Follow("" & REGEXEXTRACT(B61, ""Follow\(([^)]+)\)"") & "") ="", IF( OR( REGEXMATCH(B61, ""^First\([^<]""), REGEXMATCH(B61, ""^First\(<[^A-Za-z_]"") ), """", IF( "&" CFG!D61=""λ"", ""Follow("" & CFG!B61 & "") ="", ""First("" & CFG!D61 & "") ="" ) ) ) "),"#REF!") -> #REF! | D61: =IFERROR(__xludf.DUMMYFUNCTION("IF( $C61="""", ""{ "" & IF( REGEXMATCH(B61, ""^First\(\)""), "")"", REGEXEXTRACT(B61, ""^First\(([^ )]+)"") ) & "" }"", IF( REGEXMATCH($C61, ""^First\(<""), VLOOKUP(REGEXEXTRACT($C61, ""\(([^)]+)\)""), 'First Set "&"MacroA'!B:D, 3, FALSE), IF( REGEXMATCH($C61, ""^Follow\(<""), VLOOKUP(REGEXEXTRACT($C61, ""\(([^)]+)\)""), 'Follow Set Macros'!B:D, 3, FALSE), ""{ "" & REGEXEXTRACT($C61, ""\(([^)]+)\)"") & "" }"" ) ) ) "),"#REF!") -> #REF!
A62: =ROW() -> 62 | B62: =IF(CFG!D62 = "λ", ("First(λ - λ) ∪ Follow(" & CFG!B62 & ") ="), ("First(" & TEXTJOIN(" ", TRUE, CFG!D62:AB62) & ") =")) -> #REF! | C62: =IFERROR(__xludf.DUMMYFUNCTION("IF( REGEXMATCH(B62, ""^First\(λ - λ\) ∪ Follow\(""), ""Follow("" & REGEXEXTRACT(B62, ""Follow\(([^)]+)\)"") & "") ="", IF( OR( REGEXMATCH(B62, ""^First\([^<]""), REGEXMATCH(B62, ""^First\(<[^A-Za-z_]"") ), """", IF( "&" CFG!D62=""λ"", ""Follow("" & CFG!B62 & "") ="", ""First("" & CFG!D62 & "") ="" ) ) ) "),"#REF!") -> #REF! | D62: =IFERROR(__xludf.DUMMYFUNCTION("IF( $C62="""", ""{ "" & IF( REGEXMATCH(B62, ""^First\(\)""), "")"", REGEXEXTRACT(B62, ""^First\(([^ )]+)"") ) & "" }"", IF( REGEXMATCH($C62, ""^First\(<""), VLOOKUP(REGEXEXTRACT($C62, ""\(([^)]+)\)""), 'First Set "&"MacroA'!B:D, 3, FALSE), IF( REGEXMATCH($C62, ""^Follow\(<""), VLOOKUP(REGEXEXTRACT($C62, ""\(([^)]+)\)""), 'Follow Set Macros'!B:D, 3, FALSE), ""{ "" & REGEXEXTRACT($C62, ""\(([^)]+)\)"") & "" }"" ) ) ) "),"#REF!") -> #REF!
A63: =ROW() -> 63 | B63: =IF(CFG!D63 = "λ", ("First(λ - λ) ∪ Follow(" & CFG!B63 & ") ="), ("First(" & TEXTJOIN(" ", TRUE, CFG!D63:AB63) & ") =")) -> #REF! | C63: =IFERROR(__xludf.DUMMYFUNCTION("IF( REGEXMATCH(B63, ""^First\(λ - λ\) ∪ Follow\(""), ""Follow("" & REGEXEXTRACT(B63, ""Follow\(([^)]+)\)"") & "") ="", IF( OR( REGEXMATCH(B63, ""^First\([^<]""), REGEXMATCH(B63, ""^First\(<[^A-Za-z_]"") ), """", IF( "&" CFG!D63=""λ"", ""Follow("" & CFG!B63 & "") ="", ""First("" & CFG!D63 & "") ="" ) ) ) "),"#REF!") -> #REF! | D63: =IFERROR(__xludf.DUMMYFUNCTION("IF( $C63="""", ""{ "" & IF( REGEXMATCH(B63, ""^First\(\)""), "")"", REGEXEXTRACT(B63, ""^First\(([^ )]+)"") ) & "" }"", IF( REGEXMATCH($C63, ""^First\(<""), VLOOKUP(REGEXEXTRACT($C63, ""\(([^)]+)\)""), 'First Set "&"MacroA'!B:D, 3, FALSE), IF( REGEXMATCH($C63, ""^Follow\(<""), VLOOKUP(REGEXEXTRACT($C63, ""\(([^)]+)\)""), 'Follow Set Macros'!B:D, 3, FALSE), ""{ "" & REGEXEXTRACT($C63, ""\(([^)]+)\)"") & "" }"" ) ) ) "),"#REF!") -> #REF!
A64: =ROW() -> 64 | B64: =IF(CFG!D64 = "λ", ("First(λ - λ) ∪ Follow(" & CFG!B64 & ") ="), ("First(" & TEXTJOIN(" ", TRUE, CFG!D64:AB64) & ") =")) -> #REF! | C64: =IFERROR(__xludf.DUMMYFUNCTION("IF( REGEXMATCH(B64, ""^First\(λ - λ\) ∪ Follow\(""), ""Follow("" & REGEXEXTRACT(B64, ""Follow\(([^)]+)\)"") & "") ="", IF( OR( REGEXMATCH(B64, ""^First\([^<]""), REGEXMATCH(B64, ""^First\(<[^A-Za-z_]"") ), """", IF( "&" CFG!D64=""λ"", ""Follow("" & CFG!B64 & "") ="", ""First("" & CFG!D64 & "") ="" ) ) ) "),"#REF!") -> #REF! | D64: =IFERROR(__xludf.DUMMYFUNCTION("IF( $C64="""", ""{ "" & IF( REGEXMATCH(B64, ""^First\(\)""), "")"", REGEXEXTRACT(B64, ""^First\(([^ )]+)"") ) & "" }"", IF( REGEXMATCH($C64, ""^First\(<""), VLOOKUP(REGEXEXTRACT($C64, ""\(([^)]+)\)""), 'First Set "&"MacroA'!B:D, 3, FALSE), IF( REGEXMATCH($C64, ""^Follow\(<""), VLOOKUP(REGEXEXTRACT($C64, ""\(([^)]+)\)""), 'Follow Set Macros'!B:D, 3, FALSE), ""{ "" & REGEXEXTRACT($C64, ""\(([^)]+)\)"") & "" }"" ) ) ) "),"#REF!") -> #REF!
A65: =ROW() -> 65 | B65: =IF(CFG!D65 = "λ", ("First(λ - λ) ∪ Follow(" & CFG!B65 & ") ="), ("First(" & TEXTJOIN(" ", TRUE, CFG!D65:AB65) & ") =")) -> #REF! | C65: =IFERROR(__xludf.DUMMYFUNCTION("IF( REGEXMATCH(B65, ""^First\(λ - λ\) ∪ Follow\(""), ""Follow("" & REGEXEXTRACT(B65, ""Follow\(([^)]+)\)"") & "") ="", IF( OR( REGEXMATCH(B65, ""^First\([^<]""), REGEXMATCH(B65, ""^First\(<[^A-Za-z_]"") ), """", IF( "&" CFG!D65=""λ"", ""Follow("" & CFG!B65 & "") ="", ""First("" & CFG!D65 & "") ="" ) ) ) "),"#REF!") -> #REF! | D65: =IFERROR(__xludf.DUMMYFUNCTION("IF( $C65="""", ""{ "" & IF( REGEXMATCH(B65, ""^First\(\)""), "")"", REGEXEXTRACT(B65, ""^First\(([^ )]+)"") ) & "" }"", IF( REGEXMATCH($C65, ""^First\(<""), VLOOKUP(REGEXEXTRACT($C65, ""\(([^)]+)\)""), 'First Set "&"MacroA'!B:D, 3, FALSE), IF( REGEXMATCH($C65, ""^Follow\(<""), VLOOKUP(REGEXEXTRACT($C65, ""\(([^)]+)\)""), 'Follow Set Macros'!B:D, 3, FALSE), ""{ "" & REGEXEXTRACT($C65, ""\(([^)]+)\)"") & "" }"" ) ) ) "),"#REF!") -> #REF!
A66: =ROW() -> 66 | B66: =IF(CFG!D66 = "λ", ("First(λ - λ) ∪ Follow(" & CFG!B66 & ") ="), ("First(" & TEXTJOIN(" ", TRUE, CFG!D66:AB66) & ") =")) -> #REF! | C66: =IFERROR(__xludf.DUMMYFUNCTION("IF( REGEXMATCH(B66, ""^First\(λ - λ\) ∪ Follow\(""), ""Follow("" & REGEXEXTRACT(B66, ""Follow\(([^)]+)\)"") & "") ="", IF( OR( REGEXMATCH(B66, ""^First\([^<]""), REGEXMATCH(B66, ""^First\(<[^A-Za-z_]"") ), """", IF( "&" CFG!D66=""λ"", ""Follow("" & CFG!B66 & "") ="", ""First("" & CFG!D66 & "") ="" ) ) ) "),"#REF!") -> #REF! | D66: =IFERROR(__xludf.DUMMYFUNCTION("IF( $C66="""", ""{ "" & IF( REGEXMATCH(B66, ""^First\(\)""), "")"", REGEXEXTRACT(B66, ""^First\(([^ )]+)"") ) & "" }"", IF( REGEXMATCH($C66, ""^First\(<""), VLOOKUP(REGEXEXTRACT($C66, ""\(([^)]+)\)""), 'First Set "&"MacroA'!B:D, 3, FALSE), IF( REGEXMATCH($C66, ""^Follow\(<""), VLOOKUP(REGEXEXTRACT($C66, ""\(([^)]+)\)""), 'Follow Set Macros'!B:D, 3, FALSE), ""{ "" & REGEXEXTRACT($C66, ""\(([^)]+)\)"") & "" }"" ) ) ) "),"#REF!") -> #REF!
A67: =ROW() -> 67 | B67: =IF(CFG!D67 = "λ", ("First(λ - λ) ∪ Follow(" & CFG!B67 & ") ="), ("First(" & TEXTJOIN(" ", TRUE, CFG!D67:AB67) & ") =")) -> #REF! | C67: =IFERROR(__xludf.DUMMYFUNCTION("IF( REGEXMATCH(B67, ""^First\(λ - λ\) ∪ Follow\(""), ""Follow("" & REGEXEXTRACT(B67, ""Follow\(([^)]+)\)"") & "") ="", IF( OR( REGEXMATCH(B67, ""^First\([^<]""), REGEXMATCH(B67, ""^First\(<[^A-Za-z_]"") ), """", IF( "&" CFG!D67=""λ"", ""Follow("" & CFG!B67 & "") ="", ""First("" & CFG!D67 & "") ="" ) ) ) "),"#REF!") -> #REF! | D67: =IFERROR(__xludf.DUMMYFUNCTION("IF( $C67="""", ""{ "" & IF( REGEXMATCH(B67, ""^First\(\)""), "")"", REGEXEXTRACT(B67, ""^First\(([^ )]+)"") ) & "" }"", IF( REGEXMATCH($C67, ""^First\(<""), VLOOKUP(REGEXEXTRACT($C67, ""\(([^)]+)\)""), 'First Set "&"MacroA'!B:D, 3, FALSE), IF( REGEXMATCH($C67, ""^Follow\(<""), VLOOKUP(REGEXEXTRACT($C67, ""\(([^)]+)\)""), 'Follow Set Macros'!B:D, 3, FALSE), ""{ "" & REGEXEXTRACT($C67, ""\(([^)]+)\)"") & "" }"" ) ) ) "),"#REF!") -> #REF!
A68: =ROW() -> 68 | B68: =IF(CFG!D68 = "λ", ("First(λ - λ) ∪ Follow(" & CFG!B68 & ") ="), ("First(" & TEXTJOIN(" ", TRUE, CFG!D68:AB68) & ") =")) -> #REF! | C68: =IFERROR(__xludf.DUMMYFUNCTION("IF( REGEXMATCH(B68, ""^First\(λ - λ\) ∪ Follow\(""), ""Follow("" & REGEXEXTRACT(B68, ""Follow\(([^)]+)\)"") & "") ="", IF( OR( REGEXMATCH(B68, ""^First\([^<]""), REGEXMATCH(B68, ""^First\(<[^A-Za-z_]"") ), """", IF( "&" CFG!D68=""λ"", ""Follow("" & CFG!B68 & "") ="", ""First("" & CFG!D68 & "") ="" ) ) ) "),"#REF!") -> #REF! | D68: =IFERROR(__xludf.DUMMYFUNCTION("IF( $C68="""", ""{ "" & IF( REGEXMATCH(B68, ""^First\(\)""), "")"", REGEXEXTRACT(B68, ""^First\(([^ )]+)"") ) & "" }"", IF( REGEXMATCH($C68, ""^First\(<""), VLOOKUP(REGEXEXTRACT($C68, ""\(([^)]+)\)""), 'First Set "&"MacroA'!B:D, 3, FALSE), IF( REGEXMATCH($C68, ""^Follow\(<""), VLOOKUP(REGEXEXTRACT($C68, ""\(([^)]+)\)""), 'Follow Set Macros'!B:D, 3, FALSE), ""{ "" & REGEXEXTRACT($C68, ""\(([^)]+)\)"") & "" }"" ) ) ) "),"#REF!") -> #REF!
A69: =ROW() -> 69 | B69: =IF(CFG!D69 = "λ", ("First(λ - λ) ∪ Follow(" & CFG!B69 & ") ="), ("First(" & TEXTJOIN(" ", TRUE, CFG!D69:AB69) & ") =")) -> #REF! | C69: =IFERROR(__xludf.DUMMYFUNCTION("IF( REGEXMATCH(B69, ""^First\(λ - λ\) ∪ Follow\(""), ""Follow("" & REGEXEXTRACT(B69, ""Follow\(([^)]+)\)"") & "") ="", IF( OR( REGEXMATCH(B69, ""^First\([^<]""), REGEXMATCH(B69, ""^First\(<[^A-Za-z_]"") ), """", IF( "&" CFG!D69=""λ"", ""Follow("" & CFG!B69 & "") ="", ""First("" & CFG!D69 & "") ="" ) ) ) "),"#REF!") -> #REF! | D69: =IFERROR(__xludf.DUMMYFUNCTION("IF( $C69="""", ""{ "" & IF( REGEXMATCH(B69, ""^First\(\)""), "")"", REGEXEXTRACT(B69, ""^First\(([^ )]+)"") ) & "" }"", IF( REGEXMATCH($C69, ""^First\(<""), VLOOKUP(REGEXEXTRACT($C69, ""\(([^)]+)\)""), 'First Set "&"MacroA'!B:D, 3, FALSE), IF( REGEXMATCH($C69, ""^Follow\(<""), VLOOKUP(REGEXEXTRACT($C69, ""\(([^)]+)\)""), 'Follow Set Macros'!B:D, 3, FALSE), ""{ "" & REGEXEXTRACT($C69, ""\(([^)]+)\)"") & "" }"" ) ) ) "),"#REF!") -> #REF!
A70: =ROW() -> 70 | B70: =IF(CFG!D70 = "λ", ("First(λ - λ) ∪ Follow(" & CFG!B70 & ") ="), ("First(" & TEXTJOIN(" ", TRUE, CFG!D70:AB70) & ") =")) -> #REF! | C70: =IFERROR(__xludf.DUMMYFUNCTION("IF( REGEXMATCH(B70, ""^First\(λ - λ\) ∪ Follow\(""), ""Follow("" & REGEXEXTRACT(B70, ""Follow\(([^)]+)\)"") & "") ="", IF( OR( REGEXMATCH(B70, ""^First\([^<]""), REGEXMATCH(B70, ""^First\(<[^A-Za-z_]"") ), """", IF( "&" CFG!D70=""λ"", ""Follow("" & CFG!B70 & "") ="", ""First("" & CFG!D70 & "") ="" ) ) ) "),"#REF!") -> #REF! | D70: =IFERROR(__xludf.DUMMYFUNCTION("IF( $C70="""", ""{ "" & IF( REGEXMATCH(B70, ""^First\(\)""), "")"", REGEXEXTRACT(B70, ""^First\(([^ )]+)"") ) & "" }"", IF( REGEXMATCH($C70, ""^First\(<""), VLOOKUP(REGEXEXTRACT($C70, ""\(([^)]+)\)""), 'First Set "&"MacroA'!B:D, 3, FALSE), IF( REGEXMATCH($C70, ""^Follow\(<""), VLOOKUP(REGEXEXTRACT($C70, ""\(([^)]+)\)""), 'Follow Set Macros'!B:D, 3, FALSE), ""{ "" & REGEXEXTRACT($C70, ""\(([^)]+)\)"") & "" }"" ) ) ) "),"#REF!") -> #REF!
A71: =ROW() -> 71 | B71: =IF(CFG!D71 = "λ", ("First(λ - λ) ∪ Follow(" & CFG!B71 & ") ="), ("First(" & TEXTJOIN(" ", TRUE, CFG!D71:AB71) & ") =")) -> #REF! | C71: =IFERROR(__xludf.DUMMYFUNCTION("IF( REGEXMATCH(B71, ""^First\(λ - λ\) ∪ Follow\(""), ""Follow("" & REGEXEXTRACT(B71, ""Follow\(([^)]+)\)"") & "") ="", IF( OR( REGEXMATCH(B71, ""^First\([^<]""), REGEXMATCH(B71, ""^First\(<[^A-Za-z_]"") ), """", IF( "&" CFG!D71=""λ"", ""Follow("" & CFG!B71 & "") ="", ""First("" & CFG!D71 & "") ="" ) ) ) "),"#REF!") -> #REF! | D71: =IFERROR(__xludf.DUMMYFUNCTION("IF( $C71="""", ""{ "" & IF( REGEXMATCH(B71, ""^First\(\)""), "")"", REGEXEXTRACT(B71, ""^First\(([^ )]+)"") ) & "" }"", IF( REGEXMATCH($C71, ""^First\(<""), VLOOKUP(REGEXEXTRACT($C71, ""\(([^)]+)\)""), 'First Set "&"MacroA'!B:D, 3, FALSE), IF( REGEXMATCH($C71, ""^Follow\(<""), VLOOKUP(REGEXEXTRACT($C71, ""\(([^)]+)\)""), 'Follow Set Macros'!B:D, 3, FALSE), ""{ "" & REGEXEXTRACT($C71, ""\(([^)]+)\)"") & "" }"" ) ) ) "),"#REF!") -> #REF!
A72: =ROW() -> 72 | B72: =IF(CFG!D72 = "λ", ("First(λ - λ) ∪ Follow(" & CFG!B72 & ") ="), ("First(" & TEXTJOIN(" ", TRUE, CFG!D72:AB72) & ") =")) -> #REF! | C72: =IFERROR(__xludf.DUMMYFUNCTION("IF( REGEXMATCH(B72, ""^First\(λ - λ\) ∪ Follow\(""), ""Follow("" & REGEXEXTRACT(B72, ""Follow\(([^)]+)\)"") & "") ="", IF( OR( REGEXMATCH(B72, ""^First\([^<]""), REGEXMATCH(B72, ""^First\(<[^A-Za-z_]"") ), """", IF( "&" CFG!D72=""λ"", ""Follow("" & CFG!B72 & "") ="", ""First("" & CFG!D72 & "") ="" ) ) ) "),"#REF!") -> #REF! | D72: =IFERROR(__xludf.DUMMYFUNCTION("IF( $C72="""", ""{ "" & IF( REGEXMATCH(B72, ""^First\(\)""), "")"", REGEXEXTRACT(B72, ""^First\(([^ )]+)"") ) & "" }"", IF( REGEXMATCH($C72, ""^First\(<""), VLOOKUP(REGEXEXTRACT($C72, ""\(([^)]+)\)""), 'First Set "&"MacroA'!B:D, 3, FALSE), IF( REGEXMATCH($C72, ""^Follow\(<""), VLOOKUP(REGEXEXTRACT($C72, ""\(([^)]+)\)""), 'Follow Set Macros'!B:D, 3, FALSE), ""{ "" & REGEXEXTRACT($C72, ""\(([^)]+)\)"") & "" }"" ) ) ) "),"#REF!") -> #REF!
A73: =ROW() -> 73 | B73: =IF(CFG!D73 = "λ", ("First(λ - λ) ∪ Follow(" & CFG!B73 & ") ="), ("First(" & TEXTJOIN(" ", TRUE, CFG!D73:AB73) & ") =")) -> #REF! | C73: =IFERROR(__xludf.DUMMYFUNCTION("IF( REGEXMATCH(B73, ""^First\(λ - λ\) ∪ Follow\(""), ""Follow("" & REGEXEXTRACT(B73, ""Follow\(([^)]+)\)"") & "") ="", IF( OR( REGEXMATCH(B73, ""^First\([^<]""), REGEXMATCH(B73, ""^First\(<[^A-Za-z_]"") ), """", IF( "&" CFG!D73=""λ"", ""Follow("" & CFG!B73 & "") ="", ""First("" & CFG!D73 & "") ="" ) ) ) "),"#REF!") -> #REF! | D73: =IFERROR(__xludf.DUMMYFUNCTION("IF( $C73="""", ""{ "" & IF( REGEXMATCH(B73, ""^First\(\)""), "")"", REGEXEXTRACT(B73, ""^First\(([^ )]+)"") ) & "" }"", IF( REGEXMATCH($C73, ""^First\(<""), VLOOKUP(REGEXEXTRACT($C73, ""\(([^)]+)\)""), 'First Set "&"MacroA'!B:D, 3, FALSE), IF( REGEXMATCH($C73, ""^Follow\(<""), VLOOKUP(REGEXEXTRACT($C73, ""\(([^)]+)\)""), 'Follow Set Macros'!B:D, 3, FALSE), ""{ "" & REGEXEXTRACT($C73, ""\(([^)]+)\)"") & "" }"" ) ) ) "),"#REF!") -> #REF!
A74: =ROW() -> 74 | B74: =IF(CFG!D74 = "λ", ("First(λ - λ) ∪ Follow(" & CFG!B74 & ") ="), ("First(" & TEXTJOIN(" ", TRUE, CFG!D74:AB74) & ") =")) -> #REF! | C74: =IFERROR(__xludf.DUMMYFUNCTION("IF( REGEXMATCH(B74, ""^First\(λ - λ\) ∪ Follow\(""), ""Follow("" & REGEXEXTRACT(B74, ""Follow\(([^)]+)\)"") & "") ="", IF( OR( REGEXMATCH(B74, ""^First\([^<]""), REGEXMATCH(B74, ""^First\(<[^A-Za-z_]"") ), """", IF( "&" CFG!D74=""λ"", ""Follow("" & CFG!B74 & "") ="", ""First("" & CFG!D74 & "") ="" ) ) ) "),"#REF!") -> #REF! | D74: =IFERROR(__xludf.DUMMYFUNCTION("IF( $C74="""", ""{ "" & IF( REGEXMATCH(B74, ""^First\(\)""), "")"", REGEXEXTRACT(B74, ""^First\(([^ )]+)"") ) & "" }"", IF( REGEXMATCH($C74, ""^First\(<""), VLOOKUP(REGEXEXTRACT($C74, ""\(([^)]+)\)""), 'First Set "&"MacroA'!B:D, 3, FALSE), IF( REGEXMATCH($C74, ""^Follow\(<""), VLOOKUP(REGEXEXTRACT($C74, ""\(([^)]+)\)""), 'Follow Set Macros'!B:D, 3, FALSE), ""{ "" & REGEXEXTRACT($C74, ""\(([^)]+)\)"") & "" }"" ) ) ) "),"#REF!") -> #REF!
A75: =ROW() -> 75 | B75: =IF(CFG!D75 = "λ", ("First(λ - λ) ∪ Follow(" & CFG!B75 & ") ="), ("First(" & TEXTJOIN(" ", TRUE, CFG!D75:AB75) & ") =")) -> #REF! | C75: =IFERROR(__xludf.DUMMYFUNCTION("IF( REGEXMATCH(B75, ""^First\(λ - λ\) ∪ Follow\(""), ""Follow("" & REGEXEXTRACT(B75, ""Follow\(([^)]+)\)"") & "") ="", IF( OR( REGEXMATCH(B75, ""^First\([^<]""), REGEXMATCH(B75, ""^First\(<[^A-Za-z_]"") ), """", IF( "&" CFG!D75=""λ"", ""Follow("" & CFG!B75 & "") ="", ""First("" & CFG!D75 & "") ="" ) ) ) "),"#REF!") -> #REF! | D75: =IFERROR(__xludf.DUMMYFUNCTION("IF( $C75="""", ""{ "" & IF( REGEXMATCH(B75, ""^First\(\)""), "")"", REGEXEXTRACT(B75, ""^First\(([^ )]+)"") ) & "" }"", IF( REGEXMATCH($C75, ""^First\(<""), VLOOKUP(REGEXEXTRACT($C75, ""\(([^)]+)\)""), 'First Set "&"MacroA'!B:D, 3, FALSE), IF( REGEXMATCH($C75, ""^Follow\(<""), VLOOKUP(REGEXEXTRACT($C75, ""\(([^)]+)\)""), 'Follow Set Macros'!B:D, 3, FALSE), ""{ "" & REGEXEXTRACT($C75, ""\(([^)]+)\)"") & "" }"" ) ) ) "),"#REF!") -> #REF!
A76: =ROW() -> 76 | B76: =IF(CFG!D76 = "λ", ("First(λ - λ) ∪ Follow(" & CFG!B76 & ") ="), ("First(" & TEXTJOIN(" ", TRUE, CFG!D76:AB76) & ") =")) -> #REF! | C76: =IFERROR(__xludf.DUMMYFUNCTION("IF( REGEXMATCH(B76, ""^First\(λ - λ\) ∪ Follow\(""), ""Follow("" & REGEXEXTRACT(B76, ""Follow\(([^)]+)\)"") & "") ="", IF( OR( REGEXMATCH(B76, ""^First\([^<]""), REGEXMATCH(B76, ""^First\(<[^A-Za-z_]"") ), """", IF( "&" CFG!D76=""λ"", ""Follow("" & CFG!B76 & "") ="", ""First("" & CFG!D76 & "") ="" ) ) ) "),"#REF!") -> #REF! | D76: =IFERROR(__xludf.DUMMYFUNCTION("IF( $C76="""", ""{ "" & IF( REGEXMATCH(B76, ""^First\(\)""), "")"", REGEXEXTRACT(B76, ""^First\(([^ )]+)"") ) & "" }"", IF( REGEXMATCH($C76, ""^First\(<""), VLOOKUP(REGEXEXTRACT($C76, ""\(([^)]+)\)""), 'First Set "&"MacroA'!B:D, 3, FALSE), IF( REGEXMATCH($C76, ""^Follow\(<""), VLOOKUP(REGEXEXTRACT($C76, ""\(([^)]+)\)""), 'Follow Set Macros'!B:D, 3, FALSE), ""{ "" & REGEXEXTRACT($C76, ""\(([^)]+)\)"") & "" }"" ) ) ) "),"#REF!") -> #REF!
A77: =ROW() -> 77 | B77: =IF(CFG!D77 = "λ", ("First(λ - λ) ∪ Follow(" & CFG!B77 & ") ="), ("First(" & TEXTJOIN(" ", TRUE, CFG!D77:AB77) & ") =")) -> #REF! | C77: =IFERROR(__xludf.DUMMYFUNCTION("IF( REGEXMATCH(B77, ""^First\(λ - λ\) ∪ Follow\(""), ""Follow("" & REGEXEXTRACT(B77, ""Follow\(([^)]+)\)"") & "") ="", IF( OR( REGEXMATCH(B77, ""^First\([^<]""), REGEXMATCH(B77, ""^First\(<[^A-Za-z_]"") ), """", IF( "&" CFG!D77=""λ"", ""Follow("" & CFG!B77 & "") ="", ""First("" & CFG!D77 & "") ="" ) ) ) "),"#REF!") -> #REF! | D77: =IFERROR(__xludf.DUMMYFUNCTION("IF( $C77="""", ""{ "" & IF( REGEXMATCH(B77, ""^First\(\)""), "")"", REGEXEXTRACT(B77, ""^First\(([^ )]+)"") ) & "" }"", IF( REGEXMATCH($C77, ""^First\(<""), VLOOKUP(REGEXEXTRACT($C77, ""\(([^)]+)\)""), 'First Set "&"MacroA'!B:D, 3, FALSE), IF( REGEXMATCH($C77, ""^Follow\(<""), VLOOKUP(REGEXEXTRACT($C77, ""\(([^)]+)\)""), 'Follow Set Macros'!B:D, 3, FALSE), ""{ "" & REGEXEXTRACT($C77, ""\(([^)]+)\)"") & "" }"" ) ) ) "),"#REF!") -> #REF!
A78: =ROW() -> 78 | B78: =IF(CFG!D78 = "λ", ("First(λ - λ) ∪ Follow(" & CFG!B78 & ") ="), ("First(" & TEXTJOIN(" ", TRUE, CFG!D78:AB78) & ") =")) -> #REF! | C78: =IFERROR(__xludf.DUMMYFUNCTION("IF( REGEXMATCH(B78, ""^First\(λ - λ\) ∪ Follow\(""), ""Follow("" & REGEXEXTRACT(B78, ""Follow\(([^)]+)\)"") & "") ="", IF( OR( REGEXMATCH(B78, ""^First\([^<]""), REGEXMATCH(B78, ""^First\(<[^A-Za-z_]"") ), """", IF( "&" CFG!D78=""λ"", ""Follow("" & CFG!B78 & "") ="", ""First("" & CFG!D78 & "") ="" ) ) ) "),"#REF!") -> #REF! | D78: =IFERROR(__xludf.DUMMYFUNCTION("IF( $C78="""", ""{ "" & IF( REGEXMATCH(B78, ""^First\(\)""), "")"", REGEXEXTRACT(B78, ""^First\(([^ )]+)"") ) & "" }"", IF( REGEXMATCH($C78, ""^First\(<""), VLOOKUP(REGEXEXTRACT($C78, ""\(([^)]+)\)""), 'First Set "&"MacroA'!B:D, 3, FALSE), IF( REGEXMATCH($C78, ""^Follow\(<""), VLOOKUP(REGEXEXTRACT($C78, ""\(([^)]+)\)""), 'Follow Set Macros'!B:D, 3, FALSE), ""{ "" & REGEXEXTRACT($C78, ""\(([^)]+)\)"") & "" }"" ) ) ) "),"#REF!") -> #REF!
A79: =ROW() -> 79 | B79: =IF(CFG!D79 = "λ", ("First(λ - λ) ∪ Follow(" & CFG!B79 & ") ="), ("First(" & TEXTJOIN(" ", TRUE, CFG!D79:AB79) & ") =")) -> #REF! | C79: =IFERROR(__xludf.DUMMYFUNCTION("IF( REGEXMATCH(B79, ""^First\(λ - λ\) ∪ Follow\(""), ""Follow("" & REGEXEXTRACT(B79, ""Follow\(([^)]+)\)"") & "") ="", IF( OR( REGEXMATCH(B79, ""^First\([^<]""), REGEXMATCH(B79, ""^First\(<[^A-Za-z_]"") ), """", IF( "&" CFG!D79=""λ"", ""Follow("" & CFG!B79 & "") ="", ""First("" & CFG!D79 & "") ="" ) ) ) "),"#REF!") -> #REF! | D79: =IFERROR(__xludf.DUMMYFUNCTION("IF( $C79="""", ""{ "" & IF( REGEXMATCH(B79, ""^First\(\)""), "")"", REGEXEXTRACT(B79, ""^First\(([^ )]+)"") ) & "" }"", IF( REGEXMATCH($C79, ""^First\(<""), VLOOKUP(REGEXEXTRACT($C79, ""\(([^)]+)\)""), 'First Set "&"MacroA'!B:D, 3, FALSE), IF( REGEXMATCH($C79, ""^Follow\(<""), VLOOKUP(REGEXEXTRACT($C79, ""\(([^)]+)\)""), 'Follow Set Macros'!B:D, 3, FALSE), ""{ "" & REGEXEXTRACT($C79, ""\(([^)]+)\)"") & "" }"" ) ) ) "),"#REF!") -> #REF!
A80: =ROW() -> 80 | B80: =IF(CFG!D80 = "λ", ("First(λ - λ) ∪ Follow(" & CFG!B80 & ") ="), ("First(" & TEXTJOIN(" ", TRUE, CFG!D80:AB80) & ") =")) -> #REF! | C80: =IFERROR(__xludf.DUMMYFUNCTION("IF( REGEXMATCH(B80, ""^First\(λ - λ\) ∪ Follow\(""), ""Follow("" & REGEXEXTRACT(B80, ""Follow\(([^)]+)\)"") & "") ="", IF( OR( REGEXMATCH(B80, ""^First\([^<]""), REGEXMATCH(B80, ""^First\(<[^A-Za-z_]"") ), """", IF( "&" CFG!D80=""λ"", ""Follow("" & CFG!B80 & "") ="", ""First("" & CFG!D80 & "") ="" ) ) ) "),"#REF!") -> #REF! | D80: =IFERROR(__xludf.DUMMYFUNCTION("IF( $C80="""", ""{ "" & IF( REGEXMATCH(B80, ""^First\(\)""), "")"", REGEXEXTRACT(B80, ""^First\(([^ )]+)"") ) & "" }"", IF( REGEXMATCH($C80, ""^First\(<""), VLOOKUP(REGEXEXTRACT($C80, ""\(([^)]+)\)""), 'First Set "&"MacroA'!B:D, 3, FALSE), IF( REGEXMATCH($C80, ""^Follow\(<""), VLOOKUP(REGEXEXTRACT($C80, ""\(([^)]+)\)""), 'Follow Set Macros'!B:D, 3, FALSE), ""{ "" & REGEXEXTRACT($C80, ""\(([^)]+)\)"") & "" }"" ) ) ) "),"#REF!") -> #REF!
A81: =ROW() -> 81 | B81: =IF(CFG!D81 = "λ", ("First(λ - λ) ∪ Follow(" & CFG!B81 & ") ="), ("First(" & TEXTJOIN(" ", TRUE, CFG!D81:AB81) & ") =")) -> #REF! | C81: =IFERROR(__xludf.DUMMYFUNCTION("IF( REGEXMATCH(B81, ""^First\(λ - λ\) ∪ Follow\(""), ""Follow("" & REGEXEXTRACT(B81, ""Follow\(([^)]+)\)"") & "") ="", IF( OR( REGEXMATCH(B81, ""^First\([^<]""), REGEXMATCH(B81, ""^First\(<[^A-Za-z_]"") ), """", IF( "&" CFG!D81=""λ"", ""Follow("" & CFG!B81 & "") ="", ""First("" & CFG!D81 & "") ="" ) ) ) "),"#REF!") -> #REF! | D81: =IFERROR(__xludf.DUMMYFUNCTION("IF( $C81="""", ""{ "" & IF( REGEXMATCH(B81, ""^First\(\)""), "")"", REGEXEXTRACT(B81, ""^First\(([^ )]+)"") ) & "" }"", IF( REGEXMATCH($C81, ""^First\(<""), VLOOKUP(REGEXEXTRACT($C81, ""\(([^)]+)\)""), 'First Set "&"MacroA'!B:D, 3, FALSE), IF( REGEXMATCH($C81, ""^Follow\(<""), VLOOKUP(REGEXEXTRACT($C81, ""\(([^)]+)\)""), 'Follow Set Macros'!B:D, 3, FALSE), ""{ "" & REGEXEXTRACT($C81, ""\(([^)]+)\)"") & "" }"" ) ) ) "),"#REF!") -> #REF!
A82: =ROW() -> 82 | B82: =IF(CFG!D82 = "λ", ("First(λ - λ) ∪ Follow(" & CFG!B82 & ") ="), ("First(" & TEXTJOIN(" ", TRUE, CFG!D82:AB82) & ") =")) -> #REF! | C82: =IFERROR(__xludf.DUMMYFUNCTION("IF( REGEXMATCH(B82, ""^First\(λ - λ\) ∪ Follow\(""), ""Follow("" & REGEXEXTRACT(B82, ""Follow\(([^)]+)\)"") & "") ="", IF( OR( REGEXMATCH(B82, ""^First\([^<]""), REGEXMATCH(B82, ""^First\(<[^A-Za-z_]"") ), """", IF( "&" CFG!D82=""λ"", ""Follow("" & CFG!B82 & "") ="", ""First("" & CFG!D82 & "") ="" ) ) ) "),"#REF!") -> #REF! | D82: =IFERROR(__xludf.DUMMYFUNCTION("IF( $C82="""", ""{ "" & IF( REGEXMATCH(B82, ""^First\(\)""), "")"", REGEXEXTRACT(B82, ""^First\(([^ )]+)"") ) & "" }"", IF( REGEXMATCH($C82, ""^First\(<""), VLOOKUP(REGEXEXTRACT($C82, ""\(([^)]+)\)""), 'First Set "&"MacroA'!B:D, 3, FALSE), IF( REGEXMATCH($C82, ""^Follow\(<""), VLOOKUP(REGEXEXTRACT($C82, ""\(([^)]+)\)""), 'Follow Set Macros'!B:D, 3, FALSE), ""{ "" & REGEXEXTRACT($C82, ""\(([^)]+)\)"") & "" }"" ) ) ) "),"#REF!") -> #REF!
A83: =ROW() -> 83 | B83: =IF(CFG!D83 = "λ", ("First(λ - λ) ∪ Follow(" & CFG!B83 & ") ="), ("First(" & TEXTJOIN(" ", TRUE, CFG!D83:AB83) & ") =")) -> #REF! | C83: =IFERROR(__xludf.DUMMYFUNCTION("IF( REGEXMATCH(B83, ""^First\(λ - λ\) ∪ Follow\(""), ""Follow("" & REGEXEXTRACT(B83, ""Follow\(([^)]+)\)"") & "") ="", IF( OR( REGEXMATCH(B83, ""^First\([^<]""), REGEXMATCH(B83, ""^First\(<[^A-Za-z_]"") ), """", IF( "&" CFG!D83=""λ"", ""Follow("" & CFG!B83 & "") ="", ""First("" & CFG!D83 & "") ="" ) ) ) "),"#REF!") -> #REF! | D83: =IFERROR(__xludf.DUMMYFUNCTION("IF( $C83="""", ""{ "" & IF( REGEXMATCH(B83, ""^First\(\)""), "")"", REGEXEXTRACT(B83, ""^First\(([^ )]+)"") ) & "" }"", IF( REGEXMATCH($C83, ""^First\(<""), VLOOKUP(REGEXEXTRACT($C83, ""\(([^)]+)\)""), 'First Set "&"MacroA'!B:D, 3, FALSE), IF( REGEXMATCH($C83, ""^Follow\(<""), VLOOKUP(REGEXEXTRACT($C83, ""\(([^)]+)\)""), 'Follow Set Macros'!B:D, 3, FALSE), ""{ "" & REGEXEXTRACT($C83, ""\(([^)]+)\)"") & "" }"" ) ) ) "),"#REF!") -> #REF!
A84: =ROW() -> 84 | B84: =IF(CFG!D84 = "λ", ("First(λ - λ) ∪ Follow(" & CFG!B84 & ") ="), ("First(" & TEXTJOIN(" ", TRUE, CFG!D84:AB84) & ") =")) -> #REF! | C84: =IFERROR(__xludf.DUMMYFUNCTION("IF( REGEXMATCH(B84, ""^First\(λ - λ\) ∪ Follow\(""), ""Follow("" & REGEXEXTRACT(B84, ""Follow\(([^)]+)\)"") & "") ="", IF( OR( REGEXMATCH(B84, ""^First\([^<]""), REGEXMATCH(B84, ""^First\(<[^A-Za-z_]"") ), """", IF( "&" CFG!D84=""λ"", ""Follow("" & CFG!B84 & "") ="", ""First("" & CFG!D84 & "") ="" ) ) ) "),"#REF!") -> #REF! | D84: =IFERROR(__xludf.DUMMYFUNCTION("IF( $C84="""", ""{ "" & IF( REGEXMATCH(B84, ""^First\(\)""), "")"", REGEXEXTRACT(B84, ""^First\(([^ )]+)"") ) & "" }"", IF( REGEXMATCH($C84, ""^First\(<""), VLOOKUP(REGEXEXTRACT($C84, ""\(([^)]+)\)""), 'First Set "&"MacroA'!B:D, 3, FALSE), IF( REGEXMATCH($C84, ""^Follow\(<""), VLOOKUP(REGEXEXTRACT($C84, ""\(([^)]+)\)""), 'Follow Set Macros'!B:D, 3, FALSE), ""{ "" & REGEXEXTRACT($C84, ""\(([^)]+)\)"") & "" }"" ) ) ) "),"#REF!") -> #REF!
A85: =ROW() -> 85 | B85: =IF(CFG!D85 = "λ", ("First(λ - λ) ∪ Follow(" & CFG!B85 & ") ="), ("First(" & TEXTJOIN(" ", TRUE, CFG!D85:AB85) & ") =")) -> #REF! | C85: =IFERROR(__xludf.DUMMYFUNCTION("IF( REGEXMATCH(B85, ""^First\(λ - λ\) ∪ Follow\(""), ""Follow("" & REGEXEXTRACT(B85, ""Follow\(([^)]+)\)"") & "") ="", IF( OR( REGEXMATCH(B85, ""^First\([^<]""), REGEXMATCH(B85, ""^First\(<[^A-Za-z_]"") ), """", IF( "&" CFG!D85=""λ"", ""Follow("" & CFG!B85 & "") ="", ""First("" & CFG!D85 & "") ="" ) ) ) "),"#REF!") -> #REF! | D85: =IFERROR(__xludf.DUMMYFUNCTION("IF( $C85="""", ""{ "" & IF( REGEXMATCH(B85, ""^First\(\)""), "")"", REGEXEXTRACT(B85, ""^First\(([^ )]+)"") ) & "" }"", IF( REGEXMATCH($C85, ""^First\(<""), VLOOKUP(REGEXEXTRACT($C85, ""\(([^)]+)\)""), 'First Set "&"MacroA'!B:D, 3, FALSE), IF( REGEXMATCH($C85, ""^Follow\(<""), VLOOKUP(REGEXEXTRACT($C85, ""\(([^)]+)\)""), 'Follow Set Macros'!B:D, 3, FALSE), ""{ "" & REGEXEXTRACT($C85, ""\(([^)]+)\)"") & "" }"" ) ) ) "),"#REF!") -> #REF!
A86: =ROW() -> 86 | B86: =IF(CFG!D86 = "λ", ("First(λ - λ) ∪ Follow(" & CFG!B86 & ") ="), ("First(" & TEXTJOIN(" ", TRUE, CFG!D86:AB86) & ") =")) -> #REF! | C86: =IFERROR(__xludf.DUMMYFUNCTION("IF( REGEXMATCH(B86, ""^First\(λ - λ\) ∪ Follow\(""), ""Follow("" & REGEXEXTRACT(B86, ""Follow\(([^)]+)\)"") & "") ="", IF( OR( REGEXMATCH(B86, ""^First\([^<]""), REGEXMATCH(B86, ""^First\(<[^A-Za-z_]"") ), """", IF( "&" CFG!D86=""λ"", ""Follow("" & CFG!B86 & "") ="", ""First("" & CFG!D86 & "") ="" ) ) ) "),"#REF!") -> #REF! | D86: =IFERROR(__xludf.DUMMYFUNCTION("IF( $C86="""", ""{ "" & IF( REGEXMATCH(B86, ""^First\(\)""), "")"", REGEXEXTRACT(B86, ""^First\(([^ )]+)"") ) & "" }"", IF( REGEXMATCH($C86, ""^First\(<""), VLOOKUP(REGEXEXTRACT($C86, ""\(([^)]+)\)""), 'First Set "&"MacroA'!B:D, 3, FALSE), IF( REGEXMATCH($C86, ""^Follow\(<""), VLOOKUP(REGEXEXTRACT($C86, ""\(([^)]+)\)""), 'Follow Set Macros'!B:D, 3, FALSE), ""{ "" & REGEXEXTRACT($C86, ""\(([^)]+)\)"") & "" }"" ) ) ) "),"#REF!") -> #REF!
A87: =ROW() -> 87 | B87: =IF(CFG!D87 = "λ", ("First(λ - λ) ∪ Follow(" & CFG!B87 & ") ="), ("First(" & TEXTJOIN(" ", TRUE, CFG!D87:AB87) & ") =")) -> #REF! | C87: =IFERROR(__xludf.DUMMYFUNCTION("IF( REGEXMATCH(B87, ""^First\(λ - λ\) ∪ Follow\(""), ""Follow("" & REGEXEXTRACT(B87, ""Follow\(([^)]+)\)"") & "") ="", IF( OR( REGEXMATCH(B87, ""^First\([^<]""), REGEXMATCH(B87, ""^First\(<[^A-Za-z_]"") ), """", IF( "&" CFG!D87=""λ"", ""Follow("" & CFG!B87 & "") ="", ""First("" & CFG!D87 & "") ="" ) ) ) "),"#REF!") -> #REF! | D87: =IFERROR(__xludf.DUMMYFUNCTION("IF( $C87="""", ""{ "" & IF( REGEXMATCH(B87, ""^First\(\)""), "")"", REGEXEXTRACT(B87, ""^First\(([^ )]+)"") ) & "" }"", IF( REGEXMATCH($C87, ""^First\(<""), VLOOKUP(REGEXEXTRACT($C87, ""\(([^)]+)\)""), 'First Set "&"MacroA'!B:D, 3, FALSE), IF( REGEXMATCH($C87, ""^Follow\(<""), VLOOKUP(REGEXEXTRACT($C87, ""\(([^)]+)\)""), 'Follow Set Macros'!B:D, 3, FALSE), ""{ "" & REGEXEXTRACT($C87, ""\(([^)]+)\)"") & "" }"" ) ) ) "),"#REF!") -> #REF!
A88: =ROW() -> 88 | B88: =IF(CFG!D88 = "λ", ("First(λ - λ) ∪ Follow(" & CFG!B88 & ") ="), ("First(" & TEXTJOIN(" ", TRUE, CFG!D88:AB88) & ") =")) -> #REF! | C88: =IFERROR(__xludf.DUMMYFUNCTION("IF( REGEXMATCH(B88, ""^First\(λ - λ\) ∪ Follow\(""), ""Follow("" & REGEXEXTRACT(B88, ""Follow\(([^)]+)\)"") & "") ="", IF( OR( REGEXMATCH(B88, ""^First\([^<]""), REGEXMATCH(B88, ""^First\(<[^A-Za-z_]"") ), """", IF( "&" CFG!D88=""λ"", ""Follow("" & CFG!B88 & "") ="", ""First("" & CFG!D88 & "") ="" ) ) ) "),"#REF!") -> #REF! | D88: =IFERROR(__xludf.DUMMYFUNCTION("IF( $C88="""", ""{ "" & IF( REGEXMATCH(B88, ""^First\(\)""), "")"", REGEXEXTRACT(B88, ""^First\(([^ )]+)"") ) & "" }"", IF( REGEXMATCH($C88, ""^First\(<""), VLOOKUP(REGEXEXTRACT($C88, ""\(([^)]+)\)""), 'First Set "&"MacroA'!B:D, 3, FALSE), IF( REGEXMATCH($C88, ""^Follow\(<""), VLOOKUP(REGEXEXTRACT($C88, ""\(([^)]+)\)""), 'Follow Set Macros'!B:D, 3, FALSE), ""{ "" & REGEXEXTRACT($C88, ""\(([^)]+)\)"") & "" }"" ) ) ) "),"#REF!") -> #REF!
A89: =ROW() -> 89 | B89: =IF(CFG!D89 = "λ", ("First(λ - λ) ∪ Follow(" & CFG!B89 & ") ="), ("First(" & TEXTJOIN(" ", TRUE, CFG!D89:AB89) & ") =")) -> #REF! | C89: =IFERROR(__xludf.DUMMYFUNCTION("IF( REGEXMATCH(B89, ""^First\(λ - λ\) ∪ Follow\(""), ""Follow("" & REGEXEXTRACT(B89, ""Follow\(([^)]+)\)"") & "") ="", IF( OR( REGEXMATCH(B89, ""^First\([^<]""), REGEXMATCH(B89, ""^First\(<[^A-Za-z_]"") ), """", IF( "&" CFG!D89=""λ"", ""Follow("" & CFG!B89 & "") ="", ""First("" & CFG!D89 & "") ="" ) ) ) "),"#REF!") -> #REF! | D89: =IFERROR(__xludf.DUMMYFUNCTION("IF( $C89="""", ""{ "" & IF( REGEXMATCH(B89, ""^First\(\)""), "")"", REGEXEXTRACT(B89, ""^First\(([^ )]+)"") ) & "" }"", IF( REGEXMATCH($C89, ""^First\(<""), VLOOKUP(REGEXEXTRACT($C89, ""\(([^)]+)\)""), 'First Set "&"MacroA'!B:D, 3, FALSE), IF( REGEXMATCH($C89, ""^Follow\(<""), VLOOKUP(REGEXEXTRACT($C89, ""\(([^)]+)\)""), 'Follow Set Macros'!B:D, 3, FALSE), ""{ "" & REGEXEXTRACT($C89, ""\(([^)]+)\)"") & "" }"" ) ) ) "),"#REF!") -> #REF!
